symbol,config,signals,n,win_rate,expectancy_r,profit_factor,total_r,avg_win_r,avg_loss_r,max_dd_pct,max_consec_loss,tp_rate,avg_bars,final_equity
US30,A_sweep_only,3658,405,49.876543209876544,0.33731601723733495,1.821002016589665,136.61298698112066,1.5000537483652843,-0.8196939418160922,-3.8129990807044143,8,38.2716049382716,29.0641975308642,19633.42732965473
US30,B_sweep+disp,3658,405,49.876543209876544,0.33731601723733495,1.821002016589665,136.61298698112066,1.5000537483652843,-0.8196939418160922,-3.8129990807044143,8,38.2716049382716,29.0641975308642,19633.42732965473
US30,C_sweep+mss,1123,242,41.32231404958678,0.16796560073405503,1.3678326819973883,40.64767537764132,1.511535585333146,-0.7782104447582625,-6.009227901242938,8,29.338842975206614,32.247933884297524,12197.568428736251
US30,D_sweep+fvg,129,31,48.38709677419355,0.3164731946853503,1.7772839601166588,9.810669035245859,1.495493333970998,-0.7888581858949446,-1.493847124483139,4,32.25806451612903,24.451612903225808,10496.165832928013
US30,E_full_no_bias,552,145,42.06896551724138,0.1576378464942076,1.3508211915542498,22.8574877416601,1.4428151915922964,-0.7756457017317855,-5.4824627165110025,7,28.27586206896552,34.02758620689655,11181.675969335709
US30,F_full_with_bias,312,76,47.36842105263158,0.32380595946740404,1.8294561167256782,24.609252919522707,1.507733246113765,-0.7417285985143206,-2.6495248093106714,5,35.526315789473685,31.11842105263158,11292.317898055677
US30,G_full_soft_disp,334,87,48.275862068965516,0.3519405064344772,1.9301091819907978,30.61882405979952,1.5128196673766954,-0.7315467104449263,-2.342254466685217,5,36.7816091954023,31.298850574712645,11634.009765088502
US30,H_full_tight_fvg,267,67,44.776119402985074,0.2463418529181133,1.5635755266796867,16.504904145513592,1.5263653210871608,-0.7915150131648979,-3.1364506699811736,5,32.83582089552239,30.074626865671643,10845.913462714125
NAS100,A_sweep_only,3493,342,49.41520467836257,0.33407807776977194,1.790157706924613,114.254702597262,1.531668891074086,-0.8358227745332865,-3.3885634401512563,7,38.88888888888889,30.34795321637427,17577.296029656238
NAS100,B_sweep+disp,3493,342,49.41520467836257,0.33407807776977194,1.790157706924613,114.254702597262,1.531668891074086,-0.8358227745332865,-3.3885634401512563,7,38.88888888888889,30.34795321637427,17577.296029656238
NAS100,C_sweep+mss,1058,197,41.11675126903553,0.11200915977286499,1.2260074240368146,22.065804475254403,1.4777642005334084,-0.8416646186892387,-6.964389424328904,9,30.96446700507614,30.883248730964468,11125.666823830728
NAS100,D_sweep+fvg,119,33,39.39393939393939,0.03686901038328971,1.0682833039126862,1.2166773426485604,1.4642120704626345,-0.8909039786682846,-3.691385071962302,6,21.21212121212121,32.63636363636363,10055.024142814087
NAS100,E_full_no_bias,500,117,36.75213675213675,-0.000928512251200297,0.9982574848740978,-0.10863593339043476,1.447341660435687,-0.8424909098935806,-4.839274775997486,8,25.64102564102564,36.30769230769231,9974.493208508196
NAS100,F_full_with_bias,293,73,38.35616438356164,0.08524472303401992,1.1590361810571888,6.222864781483454,1.6196955452034325,-0.8695246774269478,-4.281302291779498,6,30.136986301369863,32.49315068493151,10301.304051435833
NAS100,G_full_soft_disp,319,83,38.55421686746988,0.07008655020396244,1.1354460349226358,5.817183666928883,1.5239229162383339,-0.8421245029940745,-4.8349141271810145,10,27.710843373493976,32.1566265060241,10279.286211617364
NAS100,H_full_tight_fvg,234,62,40.32258064516129,0.13516459790640584,1.2642235284780592,8.380205070197162,1.6038620760594566,-0.8571985630078178,-3.3534616865537057,5,30.64516129032258,32.04838709677419,10415.155606808119
