symbol,config,rr,n,win_rate,expectancy_r,total_r,profit_factor,avg_win_r,avg_loss_r,payoff,max_dd_pct,final_equity,max_consec_loss,tp_rate,sl_rate,avg_bars,avg_mfe,avg_mae,t,ci_lo,ci_hi
US30,sweep_only,1.5,10329,48.82370026139994,0.15682508944273152,1619.8463488539737,1.3865691400000257,1.1521239433127415,-0.7928693845358904,1.45310686196711,-8.797920925597793,28283844.22399038,13,41.14628715267693,58.030787104269535,5.987317262077646,0.8037564937934196,-0.609293128806965,11.128879403387359,0.12158646953032089,0.17303256143080895
US30,sweep_only,2.0,10045,42.61821801891488,0.1480056647354333,1486.7169022674275,1.3233387285012868,1.421334662819216,-0.7979897239260044,1.7811440676534487,-10.28578577803143,14014587.094972627,14,32.812344449975114,65.81383773021405,7.5801891488302635,0.9516248506830232,-0.6675899061917226,9.66673213997904,0.11746203611760514,0.17605875062188486
US30,sweep+mss,1.5,2636,48.634294385432476,0.2132557858078165,562.1422513894044,1.520877914706419,1.2803143500960124,-0.797061111841716,1.6062938350331448,-6.499283779797528,158905.37806610114,12,42.07132018209408,56.221547799696516,8.449544764795144,0.8392187158175543,-0.6058567685271832,7.648259656787342,0.1447914336070591,0.24646684034402014
US30,sweep+mss,2.0,2622,41.6094584286804,0.18710495679481534,490.5891967160058,1.402575526651726,1.5666504821868557,-0.7959676547027129,1.968233850874237,-8.142179506687452,110039.32067572852,15,33.066361556064074,64.22578184591914,10.56369183829138,0.9813163181451714,-0.6672122209962067,5.888717984047804,0.10980690475904031,0.2221448295560463
US30,full_chain,1.5,812,48.522167487684726,0.22150989153889528,179.86603192958296,1.536140289957155,1.3079928409702564,-0.8025912617528662,1.6297122873149512,-6.642955502317566,24229.09306677558,11,42.364532019704434,56.77339901477833,7.08128078817734,0.83740816169596,-0.6017934258592342,5.018119273159073,0.13653641535248331,0.31018483376830197
US30,full_chain,2.0,811,40.5672009864365,0.17720190482538178,143.71074481338462,1.3735044485081869,1.6063036045230625,-0.7982637781632842,2.01224663884786,-7.2259986629187285,20166.717961560127,11,32.79901356350185,65.84463625154132,8.827373612823674,0.9878368914041943,-0.6644453000640824,3.8137443794128125,0.0934277685421761,0.2878193242308373
NAS100,sweep_only,1.5,10225,47.80440097799511,0.12424899239483288,1270.4459472371661,1.3024121713427876,1.1193713178985354,-0.7871540293518597,1.4220486412554127,-16.0283272490661,4974758.214274615,12,40.77261613691932,58.552567237163814,6.139364303178484,0.7795171000608695,-0.6108617555278867,9.787193983192743,0.10524538875422591,0.15736469301889694
NAS100,sweep_only,2.0,9927,41.72458950337464,0.1259880226568676,1250.6831009147245,1.2741835889284567,1.4032263701055667,-0.7885013870462461,1.7796117967047618,-22.005969247796948,4345949.112132211,16,32.77928880830059,65.98166616298982,7.843054296363453,0.9319904133499689,-0.6630058800960228,8.568608169189782,0.10220331948268695,0.1637618911663299
NAS100,sweep+mss,1.5,2738,47.04163623082542,0.15729102977492632,430.6628395237483,1.3785479616698215,1.2176500892452617,-0.7846003278787234,1.5519367580910257,-10.627745245269638,82582.2696178929,11,40.32140248356465,58.108108108108105,8.3772826880935,0.7910194715932692,-0.6022361530932621,6.0959282986332815,0.10101162870174836,0.1972702948423624
NAS100,sweep+mss,2.0,2710,40.25830258302583,0.13433857041392072,364.05752582172516,1.2867585069494094,1.497359217107786,-0.7841639160240084,1.9094977293777213,-14.891230099554331,58621.6106771476,13,31.512915129151292,65.5719557195572,10.712546125461255,0.9514596898019315,-0.6629022358698384,4.619914004477648,0.07269006355859335,0.1819773002864084
NAS100,full_chain,1.5,806,47.64267990074442,0.1754339663086633,141.39977684478262,1.427006770634216,1.2305769389010177,-0.7846961319744271,1.56822098231156,-7.350617016267933,20025.944690047505,10,42.55583126550869,56.32754342431762,7.662531017369727,0.7842533536412539,-0.5940792049624378,3.69753372812692,0.07660919547552215,0.24163788487092264
NAS100,full_chain,2.0,805,40.62111801242236,0.14715742624862738,118.46172813014505,1.317961466798463,1.5016147736037964,-0.779427411795599,1.9265614101824626,-7.715412282698194,17804.620358886226,11,33.29192546583851,64.34782608695652,10.040993788819875,0.9396738959878713,-0.6630675732331236,2.5555529326980806,0.028188525034694472,0.2201586606297
USTEC,sweep_only,1.5,905,44.530386740331494,0.08098540475668542,73.2917913048003,1.1879175191881388,1.1496596975388795,-0.7769343960226458,1.479738448219468,-9.334236114967142,14238.016318226306,14,39.11602209944751,60.110497237569064,6.228729281767956,0.8143397543547243,-0.6262166611154822,1.4349890332225128,-0.018527184869208905,0.12367963115752334
USTEC,sweep_only,2.0,872,38.87614678899082,0.08486262321406644,74.00020744266594,1.1774479235721012,1.4484517251618647,-0.782410745566991,1.8512676792446308,-10.805015715576719,14245.652270228904,14,31.19266055045872,67.08715596330275,8.088302752293577,0.968688403307991,-0.6851701553212509,1.4217576818179616,-0.02160308173992239,0.14665120876909735
USTEC,sweep+mss,1.5,259,45.945945945945944,0.14536000801686008,37.64824207636676,1.3410575649307106,1.2439916759356657,-0.7884769097141247,1.5777147822714244,-8.468154285469561,12021.269554884582,10,39.768339768339764,58.301158301158296,8.671814671814673,0.9439292737044321,-0.6610558890658746,0.8973593874095768,-0.09347812137145711,0.2501811999577111
USTEC,sweep+mss,2.0,254,38.188976377952756,0.08705801274735611,22.112735237828453,1.1803914205288557,1.4916979657568041,-0.7807768626788635,1.9105304435363952,-10.907044123856242,11112.603643064858,10,28.74015748031496,68.11023622047244,10.988188976377952,1.087897619803416,-0.7100985609700672,0.21927466898595657,-0.1614614729248584,0.21477494232788918
USTEC,full_chain,1.5,79,45.56962025316456,0.09479994921475152,7.48919598796537,1.2103150254634367,1.1971837660752402,-0.8281260369940295,1.4456540581924384,-3.3930145610314257,10369.513970673106,5,39.24050632911392,58.22784810126582,8.075949367088608,0.7568986135973098,-0.5974718074999787,0.6367329751540884,-0.16802597080025414,0.3570010931119888
USTEC,full_chain,2.0,79,36.70886075949367,-0.0012078557527905427,-0.09542060447045286,0.9976495730361283,1.3966108956614016,-0.8119427315730218,1.7200854707519455,-3.2509050116835914,9981.685743081414,5,29.11392405063291,68.35443037974683,10.215189873417721,0.8786250958627536,-0.6803511045165741,-0.06114833027899281,-0.28637236132534083,0.30052700450387354
USTECH100,sweep_only,1.5,927,47.896440129449836,0.17013037113955803,157.7108540463703,1.4231287279754186,1.1946764057293053,-0.771688343887042,1.548133278405692,-5.92909937196362,21684.660915792083,12,41.42394822006473,57.92880258899677,5.996763754045308,0.847946399403744,-0.5994797465611752,3.982826762884598,0.07605784772592271,0.22284755012436797
USTECH100,sweep_only,2.0,895,41.787709497206706,0.18778174398946024,168.0646608705669,1.4114466705177269,1.5415432807268694,-0.7840163649160888,1.9662131426196143,-7.154068501195197,22635.565854398377,14,33.18435754189944,65.36312849162012,8.001117318435755,1.0525155993195845,-0.6680387260010612,3.259107930528853,0.06582287883645946,0.2624817135309002
USTECH100,sweep+mss,1.5,262,49.61832061068702,0.2683412460506307,70.30540646526525,1.6746762712184797,1.3423964712748166,-0.789440415155007,1.700440521544918,-2.699285685106043,14143.958947090454,9,42.74809160305343,56.10687022900763,7.515267175572519,0.9696735306372086,-0.647145533602213,3.5080107583352986,0.1309890137696173,0.480499615308873
USTECH100,sweep+mss,2.0,257,41.24513618677043,0.3071138107634065,78.92824936619547,1.6700360949092774,1.8558986844426164,-0.7801126568524626,2.379013682370763,-3.83947274810907,14670.688606659505,9,32.68482490272373,65.75875486381322,9.754863813229573,1.2805823014056739,-0.7182025074947298,2.31557935704139,0.123017879200539,0.8545893860178752
USTECH100,full_chain,1.5,79,46.835443037974684,0.3031197366284031,23.946459193643843,1.6850555020409077,1.5919449058816313,-0.8322738648565836,1.9127657050194087,-2.288732818519726,11242.364220538793,5,41.77215189873418,58.22784810126582,6.518987341772152,1.023146245337606,-0.6173914682967507,1.7541455009039884,-0.024910931276547917,0.636880928605461
USTECH100,full_chain,2.0,79,39.24050632911393,0.4833844651160215,38.1873727441657,1.948545584060293,2.530523938622237,-0.8387264448567425,3.017102839835293,-2.807733214602699,12002.37320631931,5,31.645569620253166,68.35443037974683,8.50632911392405,1.6170635817616803,-0.7056523468562076,1.3909459711087448,-0.0769921775066819,1.6895044818699558
