config,buf,mult,rr,n,wr,e_r,pf,dd,t,ci_lo,ci_hi,total_r
sweep_only,0.15,0.0,1.0,9663,4.1498499430818585,-10.010887899004215,0.003154448233820427,-100.0,-31.431626896077994,-10.550802896722956,-9.30962806869419,-96735.20976807774
sweep_only,0.15,0.0,1.5,9467,3.760430970740467,-10.110436790402677,0.0035140248801531914,-100.0,-31.2638565031712,-10.642660779144482,-9.387773686106026,-95715.50509474214
sweep_only,0.15,0.0,2.0,9361,3.952569169960474,-10.162415717648104,0.004054848193459136,-100.0,-31.20868880379651,-10.676051538061516,-9.414706224282572,-95130.3735329039
sweep_only,0.15,0.0,3.0,9171,4.0780721840584455,-10.284039031513348,0.005042314462237577,-100.0,-30.622495700789536,-10.83590712921184,-9.530613851817211,-94314.92195800891
sweep_only,0.15,1.0,1.0,643,36.080870917573876,-0.30034173387924895,0.47396935527583767,-68.82815379217759,-10.754122845312198,-0.6142297503462639,-0.42516007224157865,-193.1197348843571
sweep_only,0.15,1.0,1.5,620,32.096774193548384,-0.35954760380062223,0.4574471994055036,-70.23235608910625,-10.678709328972177,-0.6589290433288143,-0.45318063629446487,-222.91951435638578
sweep_only,0.15,1.0,2.0,611,30.114566284779052,-0.34000568659956043,0.5168232181246126,-68.5185053119546,-10.447854458064736,-0.6488797683556484,-0.44446924747106803,-207.74347451233143
sweep_only,0.15,1.0,3.0,597,27.30318257956449,-0.28934696013931654,0.6077153748265772,-63.13707372898092,-7.563226873871603,-0.6045836166815347,-0.35393280347204237,-172.74013520317197
sweep_only,0.15,2.0,1.0,305,56.39344262295082,0.05780496330757053,1.154518995206472,-11.707269929980638,-1.999577465112454,-0.3484225187575179,-0.0004885976513004201,17.630513808809013
sweep_only,0.15,2.0,1.5,291,43.29896907216495,-0.040840120725042665,0.916826151946294,-16.118464171248476,-1.9365746710367855,-0.37834141444977915,0.013143996564524314,-11.884475130987415
sweep_only,0.15,2.0,2.0,284,39.08450704225352,-0.006684759144787908,0.9874953453783983,-13.505223601705953,-1.449995458311457,-0.35898321879886946,0.06572446115707939,-1.8984715971197659
sweep_only,0.15,2.0,3.0,276,34.78260869565217,0.049565474222086625,1.0873151805096986,-8.692981677298715,-0.388605284728524,-0.30857325465246005,0.22753877860526517,13.680070885295908
sweep_only,0.15,3.0,1.0,253,60.869565217391305,0.14499011642344897,1.442606789507513,-2.830783737212013,-0.13142312296296954,-0.21625239958585898,0.1797726084359225,36.68249945513259
sweep_only,0.15,3.0,1.5,241,46.88796680497925,0.03635793510566362,1.0811268873431124,-6.93240661647123,-0.5320325308135638,-0.2998422346764381,0.17568113165290297,8.762262360464932
sweep_only,0.15,3.0,2.0,235,41.702127659574465,0.05684393072925377,1.1142760825311675,-6.982465829618451,-0.5877416968879358,-0.3249359084692606,0.18662152829169162,13.358323721374635
sweep_only,0.15,3.0,3.0,228,36.40350877192982,0.08114800042898447,1.150790365309777,-6.58241584098848,-0.6743724261603906,-0.38088336658823985,0.19973947976985354,18.50174409780846
sweep_only,0.5,0.0,1.0,9241,4.360999891786603,-7.970027421892556,0.004089201725276115,-100.00006023164619,-31.033371620052247,-8.383870995337166,-7.390010822326138,-73651.02340570911
sweep_only,0.5,0.0,1.5,9016,4.403283052351376,-7.986911040643568,0.004810613262184483,-100.00006452520547,-30.788013251510417,-8.401919976644797,-7.39476219002444,-72009.98994244241
sweep_only,0.5,0.0,2.0,8838,4.469336954062005,-8.080069410256996,0.005624888990233842,-100.0000816693785,-30.22707479250702,-8.507945794200618,-7.471068333471778,-71411.65344785133
sweep_only,0.5,0.0,3.0,8639,4.4449589072809355,-8.112677132613632,0.006801859475997402,-100.0,-30.446846683889337,-8.539088230046987,-7.503003244241207,-70085.41774864917
sweep_only,0.5,1.0,1.0,840,30.0,-0.40413387598548245,0.35583653582506697,-82.89076506473046,-12.026133971880562,-0.610429071296479,-0.440435439690608,-339.4724558278053
sweep_only,0.5,1.0,1.5,810,30.37037037037037,-0.40929782367150247,0.41073732314688366,-81.57910689374607,-10.868914721984215,-0.5941904665850773,-0.4138873738768911,-331.531237173917
sweep_only,0.5,1.0,2.0,791,28.31858407079646,-0.3927912967436374,0.46326514078747927,-79.50176151213641,-10.637412439063887,-0.606718091468149,-0.4180526421128771,-310.6979157242172
sweep_only,0.5,1.0,3.0,769,23.797139141742523,-0.3927605917392884,0.4938527601899512,-78.75990315490682,-9.74037393775159,-0.6062792306852661,-0.40280656308403345,-302.0328950475128
sweep_only,0.5,2.0,1.0,349,45.27220630372493,-0.12142305860095282,0.7373196826502333,-25.309494077508752,-4.530288934443265,-0.4739924975983204,-0.18833744335885227,-42.37664745173253
sweep_only,0.5,2.0,1.5,335,39.1044776119403,-0.10984258137079926,0.793880227661987,-20.864287299241653,-3.609700321223878,-0.44246046264194383,-0.1296489958572071,-36.797264759217754
sweep_only,0.5,2.0,2.0,324,35.18518518518518,-0.08338698842820175,0.8535909399046321,-16.76371048338606,-2.5940524746155114,-0.4108901774419043,-0.05036307496882873,-27.017384250737365
sweep_only,0.5,2.0,3.0,312,29.166666666666668,-0.08418999615428979,0.8630419008574932,-17.905667222993618,-2.443431369838055,-0.4408401279557685,-0.03676025802411412,-26.267278800138417
sweep_only,0.5,3.0,1.0,267,50.18726591760299,-0.023805780383451897,0.9420267991751895,-10.49420829299133,-2.1660001902068884,-0.3529056244747582,-0.0232404047467183,-6.356143362381657
sweep_only,0.5,3.0,1.5,254,40.55118110236221,-0.05087718818882644,0.8985813886294036,-10.733322920120148,-2.459995798246087,-0.3768181230402348,-0.04391605684293138,-12.922805799961916
sweep_only,0.5,3.0,2.0,246,35.77235772357724,-0.023654651757674436,0.956236294185961,-7.663714176076253,-1.874491490438704,-0.40271980130780605,0.0114730052336658,-5.819044332387911
sweep_only,0.5,3.0,3.0,234,29.05982905982906,-0.03188876872041938,0.9455867455960445,-9.97994796165507,-1.3136562125896738,-0.42355827790425465,0.09990702264029343,-7.461971880578136
sweep_only,1.0,0.0,1.0,8592,5.016294227188082,-6.229460554630997,0.005410462919083474,-100.00000000000003,-27.323537019555673,-6.644003995945015,-5.759036162275396,-53523.52508538953
sweep_only,1.0,0.0,1.5,8325,5.009009009009009,-6.316138355090728,0.006608341181384051,-100.00000000000003,-27.23819242295878,-6.720498138300431,-5.822339445962899,-52581.85180613031
sweep_only,1.0,0.0,2.0,8160,5.220588235294118,-6.366368532012854,0.007889164625001818,-100.00000000000007,-27.224026800428618,-6.7612282238986605,-5.863207636850608,-51949.56722122489
sweep_only,1.0,0.0,3.0,7972,5.143000501756147,-6.3905937730112,0.009477435665000174,-100.00000000000009,-27.231656356459002,-6.78530985758262,-5.880462521911282,-50945.81355844528
sweep_only,1.0,1.0,1.0,1017,30.186823992133725,-0.4415054654851228,0.31560110847446166,-89.70888348740493,-15.314462693912418,-0.5466723163351463,-0.4213631368626314,-449.0110583983699
sweep_only,1.0,1.0,1.5,981,30.275229357798164,-0.4245781203872697,0.3887745798855293,-87.64015544709079,-12.984625256121955,-0.5422359616957368,-0.39941506827719064,-416.5111360999116
sweep_only,1.0,1.0,2.0,955,28.272251308900522,-0.40498133497966843,0.4423371912096979,-85.73768026712527,-11.464454884478771,-0.522503231399006,-0.36828032876423344,-386.7571749055833
sweep_only,1.0,1.0,3.0,936,25.747863247863247,-0.37570598656384807,0.499277602671164,-84.00821726217809,-9.739153434883983,-0.5002204457336116,-0.332449878750978,-351.6608034237618
sweep_only,1.0,2.0,1.0,448,40.17857142857143,-0.26373301961638396,0.519528523371419,-46.901371201359666,-6.285214167835371,-0.46966142567375013,-0.2469439205021504,-118.15239278814002
sweep_only,1.0,2.0,1.5,427,36.0655737704918,-0.21231587267819693,0.6379639467403976,-37.7975680485431,-4.820616793849646,-0.43154548829104805,-0.1835766204193949,-90.6588776335901
sweep_only,1.0,2.0,2.0,417,31.414868105515588,-0.21664313966016374,0.6542765332853109,-38.07253480159753,-4.354300741809037,-0.4367655473776298,-0.1655544621259418,-90.34018923828827
sweep_only,1.0,2.0,3.0,407,27.51842751842752,-0.1976810817475697,0.6985753038894122,-38.91694078458482,-3.916277880386503,-0.45068850138694627,-0.1456942646129895,-80.45620027126087
sweep_only,1.0,3.0,1.0,283,46.28975265017668,-0.09872029003919866,0.784364637930973,-16.906100973853636,-2.7551565290148026,-0.3524644548333913,-0.05927411631046034,-27.937842081093223
sweep_only,1.0,3.0,1.5,268,40.298507462686565,-0.04412922895807566,0.9125944322692829,-7.557178489639991,-1.3188304501490493,-0.2790140324738372,0.06620664555807804,-11.826633360764276
sweep_only,1.0,3.0,2.0,259,34.74903474903475,-0.044983745971585685,0.9181465903210765,-8.09729733014336,-0.824711213587443,-0.2751620963509131,0.12422479246061613,-11.650790206640693
sweep_only,1.0,3.0,3.0,251,30.677290836653388,0.0014361413240675436,1.002470879718976,-10.598455883870589,-0.5857224724242084,-0.2938160230574232,0.17392133989789546,0.36047147234095345
sweep_only,2.0,0.0,1.0,6122,5.994772950016334,-4.500345095303685,0.008247826474100895,-100.0,-24.940155553297153,-4.855978931488811,-4.1555044706152335,-27551.112673449163
sweep_only,2.0,0.0,1.5,5958,6.210137630077207,-4.534487984804339,0.010190238449744612,-100.0,-23.777472950191864,-4.9204999682578645,-4.180741916508251,-27016.47941346425
sweep_only,2.0,0.0,2.0,5883,6.068332483426823,-4.531867360291478,0.011723030120528506,-100.0,-23.78582610504654,-4.915379001159453,-4.174428198843589,-26660.975680594765
sweep_only,2.0,0.0,3.0,5815,6.0189165950128976,-4.531704234671826,0.014043068856455225,-100.0,-23.671454654862593,-4.910198319036435,-4.170924859940393,-26351.86012461667
sweep_only,2.0,1.0,1.0,977,30.092118730808597,-0.4585127109928084,0.2969137764968869,-89.51950871087739,-14.678055300109374,-0.5400802200293633,-0.4147312714498564,-447.9669186399738
sweep_only,2.0,1.0,1.5,943,30.646871686108167,-0.4391527159911711,0.3635454062091379,-87.55955614552106,-13.593527254923973,-0.5157648909990236,-0.3854104175690447,-414.1210111796744
sweep_only,2.0,1.0,2.0,931,28.78625134264232,-0.4169040683777605,0.4108891747703319,-85.85431022709892,-12.513610240773291,-0.5077829712672743,-0.3712377210344341,-388.137687659695
sweep_only,2.0,1.0,3.0,924,27.056277056277057,-0.38951418598141824,0.464184456258741,-83.77898854204255,-10.338577562956479,-0.4908871451525494,-0.3329011964426879,-359.9111078468305
sweep_only,2.0,2.0,1.0,486,39.300411522633745,-0.29904889597124695,0.4689406595104489,-52.62356121993007,-6.013807075331696,-0.427800879130761,-0.21487053604852707,-145.33776344202602
sweep_only,2.0,2.0,1.5,466,33.47639484978541,-0.27739885603183334,0.539475565638236,-49.00259432747468,-4.784674674098831,-0.40277814147663327,-0.16674572004938762,-129.26786691083433
sweep_only,2.0,2.0,2.0,457,31.072210065645514,-0.25777013128335174,0.5816519863031809,-46.021654897489704,-4.379793550195092,-0.3907314979974275,-0.14833425249876603,-117.80094999649175
sweep_only,2.0,2.0,3.0,453,30.02207505518764,-0.23278685239531363,0.6285240760279464,-43.95235296965529,-3.722261667150988,-0.3761395514368379,-0.11622993324747437,-105.45244413507707
sweep_only,2.0,3.0,1.0,291,41.92439862542955,-0.21532935695564642,0.5844692481672278,-28.26574138457019,-4.41511559082019,-0.40184669463306505,-0.152269960158941,-62.660842874093106
sweep_only,2.0,3.0,1.5,275,34.54545454545455,-0.213447782503236,0.6232947091188511,-27.163206006597505,-4.186019133263139,-0.4201027075368457,-0.14917350435202456,-58.6981401883899
sweep_only,2.0,3.0,2.0,271,30.99630996309963,-0.20811077571285014,0.6488664469520165,-26.433575955096245,-3.647813943032092,-0.4336670367380894,-0.12505122927787873,-56.39802021818239
sweep_only,2.0,3.0,3.0,268,29.47761194029851,-0.18266478730382776,0.6985865339853744,-25.155362382855984,-3.0074715979891296,-0.43547797225256746,-0.08002577863649787,-48.95416299742584
sweep+mss,0.15,0.0,1.0,2619,4.2000763650248185,-8.400506313316862,0.0035480946708496305,-100.0,-21.631480868167326,-9.26255123380509,-7.722300205405104,-22000.926034576863
sweep+mss,0.15,0.0,1.5,2604,4.147465437788019,-8.414511380687479,0.004018160022755886,-100.0,-21.6125326409996,-9.24737625810326,-7.712922567299728,-21911.387635310195
sweep+mss,0.15,0.0,2.0,2595,4.431599229287091,-8.402563467669365,0.004833026697833674,-100.0,-21.520178982443248,-9.25052951117611,-7.701272423359978,-21804.652198602
sweep+mss,0.15,0.0,3.0,2578,4.422032583397983,-8.415884591428778,0.006025655698811638,-100.0,-21.499000967006907,-9.233895880239,-7.693268337748712,-21696.15047670339
sweep+mss,0.15,1.0,1.0,196,30.102040816326532,-0.449246802503209,0.3045631589187284,-36.12989224053701,-6.183102772152278,-0.5724133626617256,-0.2937732214900809,-88.05237329062896
sweep+mss,0.15,1.0,1.5,195,28.71794871794872,-0.43631692621805407,0.372499110381513,-34.981663630392006,-4.891103193247276,-0.5753212220979507,-0.2466696824495672,-85.08180061252054
sweep+mss,0.15,1.0,2.0,195,25.641025641025642,-0.42184861596442363,0.42918567673023605,-34.16319765495087,-4.36643263372153,-0.5853179984309066,-0.21938037597628807,-82.26048011306261
sweep+mss,0.15,1.0,3.0,193,21.761658031088082,-0.4307121800666092,0.46128071276113547,-34.03242443263884,-3.4875808138592204,-0.5757163432796177,-0.15239275507504482,-83.12745075285558
sweep+mss,0.15,2.0,1.0,79,,,,,,,,
sweep+mss,0.15,2.0,1.5,79,,,,,,,,
sweep+mss,0.15,2.0,2.0,79,,,,,,,,
sweep+mss,0.15,2.0,3.0,77,,,,,,,,
sweep+mss,0.15,3.0,1.0,63,,,,,,,,
sweep+mss,0.15,3.0,1.5,63,,,,,,,,
sweep+mss,0.15,3.0,2.0,63,,,,,,,,
sweep+mss,0.15,3.0,3.0,61,,,,,,,,
sweep+mss,0.5,0.0,1.0,2545,5.029469548133595,-6.992381838181219,0.004740867029602948,-101.69744977519193,-20.632568100317002,-7.778655948425256,-6.437033741827979,-17795.611778171202
sweep+mss,0.5,0.0,1.5,2526,5.067300079176563,-7.011102885034338,0.005770179549120256,-101.69744977519193,-20.596042264748487,-7.786958110544276,-6.445534605559947,-17710.045887596738
sweep+mss,0.5,0.0,2.0,2510,5.139442231075697,-7.025070903712491,0.006282325427197817,-101.69744977519193,-20.558742207688685,-7.778393756541743,-6.436956514291165,-17632.927968318352
sweep+mss,0.5,0.0,3.0,2498,4.883907125700561,-7.011255683002548,0.008127937920175632,-101.69744977519193,-20.547231960230594,-7.76358892450937,-6.421538226366699,-17514.116696140365
sweep+mss,0.5,1.0,1.0,257,30.35019455252918,-0.4371896105412274,0.31031468267314094,-43.79207272816647,-7.713543585593807,-0.5800630816760055,-0.345866095427966,-112.35772990909544
sweep+mss,0.5,1.0,1.5,254,30.708661417322833,-0.4083422488155518,0.40141864810671984,-41.17253726016314,-6.1891915415766245,-0.5755754661616989,-0.30257615196812165,-103.71893119915016
sweep+mss,0.5,1.0,2.0,251,27.888446215139442,-0.4299569336793496,0.41476338738688034,-41.79207259499717,-6.172380538836955,-0.5925493240273888,-0.3096902452645736,-107.91919035351675
sweep+mss,0.5,1.0,3.0,249,23.29317269076305,-0.40448251116697564,0.48452122028126776,-39.730055721473484,-4.896044768030156,-0.5951916340640124,-0.25879785337879935,-100.71614528057694
sweep+mss,0.5,2.0,1.0,89,,,,,,,,
sweep+mss,0.5,2.0,1.5,88,,,,,,,,
sweep+mss,0.5,2.0,2.0,86,,,,,,,,
sweep+mss,0.5,2.0,3.0,86,,,,,,,,
sweep+mss,0.5,3.0,1.0,65,,,,,,,,
sweep+mss,0.5,3.0,1.5,64,,,,,,,,
sweep+mss,0.5,3.0,2.0,62,,,,,,,,
sweep+mss,0.5,3.0,3.0,62,,,,,,,,
sweep+mss,1.0,0.0,1.0,2351,5.40195661420672,-5.916545209412066,0.005631404816021271,-100.04404298484563,-12.179874609944775,-7.351479133049587,-5.363315670125531,-13909.797787327767
sweep+mss,1.0,0.0,1.5,2326,5.546001719690456,-5.9257274744935655,0.006935265951919093,-100.05052833330413,-12.147444127342998,-7.340406897123491,-5.344474308026833,-13783.242105672034
sweep+mss,1.0,0.0,2.0,2313,5.836575875486381,-5.915125578957658,0.00880492150963486,-100.05330923185952,-12.124115079677738,-7.332886590649397,-5.33932320615668,-13681.685464129063
sweep+mss,1.0,0.0,3.0,2302,5.734144222415291,-5.9074781093273065,0.010810205549836584,-100.05427673604032,-12.078064479191072,-7.306659410664919,-5.312128720801765,-13599.014607671459
sweep+mss,1.0,1.0,1.0,288,29.166666666666668,-0.4476088117198793,0.29216455058857227,-47.549028616323284,-7.965240142985039,-0.593645457028553,-0.3599576230470497,-128.91133777532525
sweep+mss,1.0,1.0,1.5,282,29.78723404255319,-0.46119803196702813,0.34086603055786224,-47.741660192039845,-7.343823793760713,-0.5989148921864474,-0.34712769978946895,-130.05784501470194
sweep+mss,1.0,1.0,2.0,281,28.469750889679716,-0.42560676996981517,0.4172696879570348,-44.97161061027619,-5.877085854117254,-0.5798539355230182,-0.29318420779929705,-119.59550236151806
sweep+mss,1.0,1.0,3.0,281,26.690391459074732,-0.3711947205865905,0.5060904667543221,-41.195316290975065,-5.071716813776326,-0.5721516573499433,-0.2514317083239172,-104.30571648483192
sweep+mss,1.0,2.0,1.0,118,,,,,,,,
sweep+mss,1.0,2.0,1.5,116,,,,,,,,
sweep+mss,1.0,2.0,2.0,115,,,,,,,,
sweep+mss,1.0,2.0,3.0,115,,,,,,,,
sweep+mss,1.0,3.0,1.0,71,,,,,,,,
sweep+mss,1.0,3.0,1.5,69,,,,,,,,
sweep+mss,1.0,3.0,2.0,68,,,,,,,,
sweep+mss,1.0,3.0,3.0,68,,,,,,,,
sweep+mss,2.0,0.0,1.0,879,6.484641638225256,-4.378275601605338,0.00925097054500689,-99.99999981051755,-15.917962932626704,-5.252854658501991,-4.128539285999461,-3848.5042538110924
sweep+mss,2.0,0.0,1.5,875,6.628571428571429,-4.385236921746126,0.011950090250633583,-99.99999979942555,-15.884646094849861,-5.252756590517424,-4.121029356169096,-3837.0823065278596
sweep+mss,2.0,0.0,2.0,873,6.643757159221077,-4.3883580161575395,0.012672025573489237,-99.99999979397607,-15.853881283395125,-5.260183384227428,-4.127904571193357,-3831.0365481055323
sweep+mss,2.0,0.0,3.0,872,6.76605504587156,-4.369442591033527,0.015362317594909603,-99.9999997706951,-15.778802855251413,-5.2340847713473275,-4.098637298557531,-3810.1539393812354
sweep+mss,2.0,1.0,1.0,145,30.344827586206897,-0.4839398162092758,0.3023371365965708,-30.09051071874873,-7.006126282510599,-0.685839371725758,-0.38532144045692335,-70.17127335034499
sweep+mss,2.0,1.0,1.5,144,31.25,-0.4394436452369126,0.38394609282177056,-29.45941647130726,-5.314336703122479,-0.6497523812907728,-0.29838826261255,-63.279884914115414
sweep+mss,2.0,1.0,2.0,144,29.86111111111111,-0.4343166526215264,0.40210741089832086,-29.42870786847221,-5.106066248395338,-0.6660465274586927,-0.2944838736574543,-62.541597977499805
sweep+mss,2.0,1.0,3.0,143,29.37062937062937,-0.3853513395902755,0.47319837331182896,-27.394048487458818,-4.080437273943461,-0.6235335904511206,-0.21745678547308278,-55.1052415614094
sweep+mss,2.0,2.0,1.0,75,,,,,,,,
sweep+mss,2.0,2.0,1.5,75,,,,,,,,
sweep+mss,2.0,2.0,2.0,75,,,,,,,,
sweep+mss,2.0,2.0,3.0,74,,,,,,,,
sweep+mss,2.0,3.0,1.0,42,,,,,,,,
sweep+mss,2.0,3.0,1.5,42,,,,,,,,
sweep+mss,2.0,3.0,2.0,42,,,,,,,,
sweep+mss,2.0,3.0,3.0,41,,,,,,,,
