symbol,tf,config,rr,hold,n_all,is_r,oos_r,oos_wr,oos_pf,oos_n,oos_total_r,oos_dd
US30,M1,sweep_only,1.0,30,10675,0.195397700412823,0.21357334806601477,60.10867528574105,1.6935490995719267,5337,1139.8409586283208,-5.4036208787290505
US30,M1,sweep_only,1.0,60,10663,0.1953981079545901,0.21465832452900854,60.13881072969424,1.69518229401137,5331,1144.3435280641445,-5.418188803542242
US30,M1,sweep_only,1.0,120,10658,0.19393132415466557,0.214889167814356,60.247747747747745,1.694388975231032,5328,1144.9294861148887,-5.418188803542274
US30,M1,sweep_only,1.0,240,10651,0.19428154451883123,0.21417316835406194,60.18779342723005,1.690562994488395,5325,1140.4721214853798,-5.418188803542223
US30,M1,sweep_only,1.5,30,10356,0.14880048137362872,0.16346224947400792,49.31427467645354,1.408375012229244,5177,846.244065526939,-8.797920925597849
US30,M1,sweep_only,1.5,60,10329,0.15068793025109645,0.16296343708502337,49.012393493415956,1.4028531090458487,5164,841.5431891070607,-8.797920925597925
US30,M1,sweep_only,1.5,120,10320,0.14900386648298017,0.16229085918091848,49.059895328552045,1.3994324622609255,5159,837.2585425143584,-8.797920925597984
US30,M1,sweep_only,1.5,240,10310,0.14556305787092721,0.16225199898799514,48.991074893286765,1.398502576133522,5154,836.2468027841269,-8.797920925597943
US30,M1,sweep_only,2.0,30,10117,0.14626456344395086,0.1499137914083403,43.51522340846184,1.3344021204559973,5058,758.2639569433852,-8.629980443089142
US30,M1,sweep_only,2.0,60,10045,0.14621176462022942,0.14979992205894366,42.75189167662286,1.3279067924752506,5022,752.295208580015,-10.07039747557889
US30,M1,sweep_only,2.0,120,10020,0.14403280710439353,0.15121940072049353,42.76302655220603,1.3289964248714192,5009,757.4579782089521,-9.69357992110882
US30,M1,sweep_only,2.0,240,9995,0.14185343070461381,0.15101752869116405,42.6055633380028,1.3276227992818357,4997,754.6345908697468,-9.423601712466624
US30,M1,sweep_only,2.5,30,9939,0.14821456885019396,0.16762992632909918,40.26967196619038,1.3536921524602465,4969,832.9531039292938,-14.520581943254237
US30,M1,sweep_only,2.5,60,9817,0.14777755136231727,0.16699025962842162,38.9160554197229,1.3423983975547171,4908,819.5881942562933,-16.458031276365844
US30,M1,sweep_only,2.5,120,9779,0.1451379904542532,0.16803070114927696,38.78093679689098,1.3410645691762024,4889,821.502097918815,-16.692962795220424
US30,M1,sweep_only,2.5,240,9747,0.14262816196699188,0.1689847736645826,38.60045146726862,1.3419498335248834,4873,823.4628020675109,-16.253224427867238
US30,M1,sweep_only,3.0,30,9803,0.16397757147883255,0.1775509245398747,38.03305447867782,1.3606862324863775,4901,870.1770811699259,-15.749557527179054
US30,M1,sweep_only,3.0,60,9634,0.1617216301031247,0.1789371853886534,36.12956810631229,1.3502043989723629,4816,861.7614848317548,-17.132073091576366
US30,M1,sweep_only,3.0,120,9566,0.15888530480942945,0.17993600579519198,35.75909661229611,1.3476797720456581,4782,860.4539797126081,-17.225322970436114
US30,M1,sweep_only,3.0,240,9513,0.1571356550085921,0.18449750860827285,35.5340622371741,1.3551681984020285,4756,877.4701509409457,-17.48475452673829
US30,M1,full_chain,1.0,30,812,0.32032305380869075,0.26682071639470584,59.01234567901235,1.8469601966565583,405,108.06239013985586,-6.455414950463095
US30,M1,full_chain,1.0,60,812,0.31886467719794953,0.2656965888423142,59.01234567901235,1.835815698779493,405,107.60711848113723,-6.455414950463095
US30,M1,full_chain,1.0,120,812,0.31886467719794953,0.26342753486555326,59.01234567901235,1.8243184108113726,405,106.68815162054906,-6.190917078600943
US30,M1,full_chain,1.0,240,812,0.32165945099529136,0.26066879860952225,58.76543209876543,1.8102174120232206,405,105.5708634368565,-6.714338027726456
US30,M1,full_chain,1.5,30,812,0.24534406010165472,0.1926961376139691,47.65432098765432,1.4635930031685829,405,78.04193573365748,-6.642955502317561
US30,M1,full_chain,1.5,60,812,0.24204904381060738,0.20086931135473027,47.65432098765432,1.4799588616794037,405,81.35207109866576,-6.642955502317532
US30,M1,full_chain,1.5,120,812,0.24102851370118925,0.19556561090799585,47.407407407407405,1.4653979764135208,405,79.20407241773832,-6.378987902483645
US30,M1,full_chain,1.5,240,811,0.24625737848414683,0.19497088859013778,47.407407407407405,1.4616316916769059,405,78.9632098790058,-6.901359484041862
US30,M1,full_chain,2.0,30,811,0.22619734615592446,0.12053390829362023,38.51851851851852,1.2494387078397886,405,48.816232858916194,-6.388239187297326
US30,M1,full_chain,2.0,60,811,0.21624377549586732,0.13806363447422834,38.27160493827161,1.281292455654126,405,55.91577196206248,-5.3583935622221395
US30,M1,full_chain,2.0,120,810,0.21440565010251791,0.12542916849417715,37.62376237623762,1.2527735091712648,404,50.67338407164757,-5.24350881006261
US30,M1,full_chain,2.0,240,809,0.21958169019704168,0.12483297409137391,37.62376237623762,1.2504890407829397,404,50.43252153291506,-5.620353096951396
US30,M1,full_chain,2.5,30,811,0.2035468982905886,0.05804473052385296,34.81481481481482,1.1126473373999781,405,23.508115862160448,-10.234177138593632
US30,M1,full_chain,2.5,60,810,0.18181526251441982,0.06983595238805708,33.415841584158414,1.13014790879283,404,28.21372476477506,-8.652734632547238
US30,M1,full_chain,2.5,120,809,0.16327494383796698,0.06607430723937122,32.42574257425743,1.1212389637769484,404,26.694020124705972,-8.496006371336572
US30,M1,full_chain,2.5,240,808,0.1671535226414237,0.06905713183789781,32.50620347394541,1.1260802847157205,403,27.830024130672818,-8.527689937673955
US30,M1,full_chain,3.0,30,811,0.1624948325904215,0.02491720145163389,32.592592592592595,1.046958368972567,405,10.091466587911725,-11.534342858972561
US30,M1,full_chain,3.0,60,810,0.14737887138436911,0.05490859082455301,31.18811881188119,1.0990596960818773,404,22.183070693119415,-10.180239789231981
US30,M1,full_chain,3.0,120,808,0.1396557871833901,0.054039809849500825,29.77667493796526,1.0950915604127127,403,21.778043369348833,-11.164854248099905
US30,M1,full_chain,3.0,240,807,0.1366701848166889,0.05809887429939044,29.528535980148884,1.101270118069705,403,23.413846342654345,-11.959243468414318
US30,M1,sweep+mss,1.0,30,2669,0.28915366209228893,0.2642312146014846,60.044977511244376,1.8627171903933009,1334,352.4844402783804,-2.8300253965879216
US30,M1,sweep+mss,1.0,60,2665,0.284215892043302,0.26508395248670275,59.98498498498498,1.860398241418651,1332,353.0918247122881,-2.8300253965879176
US30,M1,sweep+mss,1.0,120,2663,0.2814397916530833,0.26447343968250614,60.18031555221638,1.8496900285187006,1331,352.01414821741565,-2.940300442182517
US30,M1,sweep+mss,1.0,240,2660,0.28108107541188343,0.2630036935987901,60.0451467268623,1.840139240417731,1329,349.531908792792,-2.942375700716382
US30,M1,sweep+mss,1.5,30,2643,0.2332325209138179,0.19671909793698797,48.37244511733535,1.4854995857272955,1321,259.8659283747611,-5.204594974448083
US30,M1,sweep+mss,1.5,60,2636,0.23010767076381958,0.19637830953069582,47.83599088838269,1.4755696343529845,1317,258.6302336519264,-6.499283779797447
US30,M1,sweep+mss,1.5,120,2634,0.2263125182830163,0.19571727966623284,47.9483282674772,1.4697022180604038,1316,257.5639400407624,-6.6507993720339345
US30,M1,sweep+mss,1.5,240,2629,0.21365746647070064,0.19722846020813894,47.945205479452056,1.4713863650319225,1314,259.1581967134946,-6.967476894294543
US30,M1,sweep+mss,2.0,30,2631,0.21927406308497716,0.1692947006950863,41.90114068441065,1.3736611171192552,1315,222.62253141403846,-7.506422401021704
US30,M1,sweep+mss,2.0,60,2622,0.20400350254624802,0.17018061173689192,40.534351145038165,1.3628462942624384,1310,222.93660137532842,-8.142179506687494
US30,M1,sweep+mss,2.0,120,2617,0.1942503992815916,0.16826957000389825,40.596330275229356,1.3547854662650185,1308,220.0965975650989,-8.14217950668751
US30,M1,sweep+mss,2.0,240,2609,0.17947680667917815,0.16682148360648638,40.41411042944785,1.3495981972956324,1304,217.53521462285823,-8.142179506687466
US30,M1,sweep+mss,2.5,30,2622,0.2250051477959867,0.17056486045034816,38.93129770992366,1.3545145435571933,1310,223.4399671899561,-11.040373452190085
US30,M1,sweep+mss,2.5,60,2605,0.2058641565124467,0.17309300840412403,36.63594470046083,1.3435747665569167,1302,225.3670969421695,-12.496532136167623
US30,M1,sweep+mss,2.5,120,2598,0.194624143875621,0.17552172323934165,36.36363636363637,1.3423380071332056,1298,227.82719676466547,-12.496532136167628
US30,M1,sweep+mss,2.5,240,2590,0.1804949808240018,0.17053560752025868,35.93508500772798,1.32965150901838,1294,220.6730761312147,-12.49653213616766
US30,M1,sweep+mss,3.0,30,2617,0.21672388035616794,0.1461630518595276,36.391437308868504,1.2922461886878573,1308,191.1812718322621,-14.84365493940108
US30,M1,sweep+mss,3.0,60,2600,0.1995238757773676,0.1427777893644967,33.25635103926097,1.2685587107315803,1299,185.4683483844812,-13.599134108659102
US30,M1,sweep+mss,3.0,120,2587,0.19144991480841192,0.1444242450512479,32.48259860788863,1.265062761473146,1293,186.74054885126355,-13.956152598633356
US30,M1,sweep+mss,3.0,240,2577,0.17497642516107673,0.14658995837757488,31.987577639751553,1.266500737500557,1288,188.80786639031646,-15.220897343452581
US30,M5,sweep_only,1.0,30,406,0.2794087788997351,0.3280630575220203,70.29702970297029,2.532481832415309,202,66.2687376194481,-1.6770396116820359
US30,M5,sweep_only,1.0,60,406,0.2690711978311311,0.32765945319054257,69.8019801980198,2.366706247403,202,66.1872095444896,-1.6770396116820276
US30,M5,sweep_only,1.0,120,406,0.26509043373247143,0.32789484899791954,70.29702970297029,2.299447925800331,202,66.23475949757974,-1.677039611681998
US30,M5,sweep_only,1.0,240,406,0.27590922709612575,0.32789484899791954,70.29702970297029,2.299447925800331,202,66.23475949757974,-1.677039611681998
US30,M5,sweep_only,1.5,30,405,0.26317196103511076,0.2968126192265999,57.92079207920792,1.9848941454960478,202,59.95614908377318,-1.6770396116820347
US30,M5,sweep_only,1.5,60,405,0.28802728177909687,0.2761917605401978,56.43564356435643,1.7789155445299125,202,55.79073562911996,-2.2521214541750068
US30,M5,sweep_only,1.5,120,405,0.29652863892552717,0.29877237848775823,56.43564356435643,1.8053634927148923,202,60.352020454527164,-2.167391381148304
US30,M5,sweep_only,1.5,240,405,0.31038751413052634,0.2854764431729575,54.95049504950495,1.7503473426467333,202,57.66624152093742,-2.4442516882435887
US30,M5,sweep_only,2.0,30,405,0.2729138040051217,0.34096108642938444,54.95049504950495,2.0548782064329636,202,68.87413945873566,-1.6992597924219002
US30,M5,sweep_only,2.0,60,405,0.3255114191410267,0.33036977389681627,51.48514851485149,1.850451053897553,202,66.73469432715689,-2.320223567325687
US30,M5,sweep_only,2.0,120,404,0.32744669215347544,0.34309310300172785,50.74626865671642,1.8316997771833379,201,68.9617137033473,-2.1673913811482906
US30,M5,sweep_only,2.0,240,404,0.34328297537077096,0.32251919751481967,48.25870646766169,1.7435808615011055,201,64.82635870047875,-2.990688109029488
US30,M5,sweep_only,2.5,30,405,0.27065604720672626,0.35949057479913693,51.98019801980198,2.0499752257957446,202,72.61709610942566,-2.409545590869788
US30,M5,sweep_only,2.5,60,402,0.2643681682299098,0.31043643088211775,47.0,1.7331548193954682,200,62.087286176423554,-3.1804769140001956
US30,M5,sweep_only,2.5,120,400,0.2634655651613902,0.35945839172973765,45.7286432160804,1.7936335566125166,199,71.5322199542178,-3.5868596539170983
US30,M5,sweep_only,2.5,240,399,0.2768145761370836,0.3503675187232709,42.71356783919598,1.7295530977371851,199,69.7231362259309,-4.1681528898091775
US30,M5,sweep_only,3.0,30,404,0.3052404281066523,0.3892141504146564,51.74129353233831,2.1311621189670253,201,78.23204423334593,-2.4095455908698193
US30,M5,sweep_only,3.0,60,401,0.3086050490617364,0.34951711372380134,46.5,1.8230995700110035,200,69.90342274476026,-3.180476914000218
US30,M5,sweep_only,3.0,120,398,0.32615070524420786,0.3812711515480093,43.43434343434343,1.816056503487472,198,75.49168800650584,-4.166783870127362
US30,M5,sweep_only,3.0,240,397,0.32333781723251837,0.3341694049926066,38.38383838383838,1.6481656852668525,198,66.16554218853611,-6.074526126167685
US30,M5,full_chain,1.0,30,76,0.26796203901890836,0.24538447908699737,59.45945945945946,1.9558567392988382,37,9.079225726218903,-0.8980809934852132
US30,M5,full_chain,1.0,60,76,0.30517499404661586,0.21861280164938227,59.45945945945946,1.7002185311380453,37,8.088673661027144,-1.8404202364095748
US30,M5,full_chain,1.0,120,76,0.2575704064055196,0.20647673486221735,56.75675675675676,1.6346337597126857,37,7.639639189902042,-1.8404202364095685
US30,M5,full_chain,1.0,240,76,0.24853329106032446,0.17902312044246407,56.75675675675676,1.5074330296715077,37,6.623855456371171,-1.8404202364095579
US30,M5,full_chain,1.5,30,76,0.4026706062870131,0.2448693913582674,56.75675675675676,1.8254061561542252,37,9.060167480255894,-1.0280859032539356
US30,M5,full_chain,1.5,60,76,0.4737367265915468,0.26502126303457263,54.054054054054056,1.7213416247913447,37,9.805786732279188,-1.596241967377755
US30,M5,full_chain,1.5,120,76,0.4231809755869143,0.22945681868237822,48.648648648648646,1.586841407832825,37,8.489902291247994,-1.596241967377752
US30,M5,full_chain,1.5,240,76,0.4141438602417192,0.216864365182231,48.648648648648646,1.5158989231259166,37,8.023981511742548,-1.596241967377752
US30,M5,full_chain,2.0,30,76,0.28403004243347696,0.24400652065448855,48.648648648648646,1.7418290296087913,37,9.028241264216076,-1.3088258830203052
US30,M5,full_chain,2.0,60,76,0.38203577810225287,0.3087304821780569,48.648648648648646,1.7453684723663272,37,11.423027840588105,-2.4323892955922943
US30,M5,full_chain,2.0,120,76,0.34791245156602524,0.2833497060024311,43.24324324324324,1.6472110390357828,37,10.48393912208995,-2.921372412980059
US30,M5,full_chain,2.0,240,76,0.3365623040605815,0.27937823733483585,43.24324324324324,1.5980353058646786,37,10.336994781388928,-3.0431869309053745
US30,M5,full_chain,2.5,30,76,0.2509358658572582,0.3115239966775624,48.648648648648646,1.9470957724215945,37,11.52638787706981,-1.3088258830203139
US30,M5,full_chain,2.5,60,76,0.31929107871160295,0.42384189855364207,48.648648648648646,2.023282139881379,37,15.682150246484756,-2.4323892955923205
US30,M5,full_chain,2.5,120,76,0.240358837241697,0.3835634581141097,43.24324324324324,1.8761135056906004,37,14.191847950222058,-2.92137241298007
US30,M5,full_chain,2.5,240,76,0.2540215193974714,0.39996367936772736,43.24324324324324,1.856159748186714,37,14.798656136605914,-3.0431869309054003
US30,M5,full_chain,3.0,30,76,0.17183341484205517,0.29284678610410686,45.945945945945944,1.8487612485682687,37,10.835331085851953,-1.3088258830202817
US30,M5,full_chain,3.0,60,76,0.29442298444535625,0.39419218511716253,45.945945945945944,1.9160839381250954,37,14.585110849335013,-2.432389295592348
US30,M5,full_chain,3.0,120,76,0.24801211392233222,0.3293571224583701,37.83783783783784,1.684799935971099,37,12.186213530959694,-2.9213724129800362
US30,M5,full_chain,3.0,240,76,0.26167479607810673,0.3592708572255062,37.83783783783784,1.7040208730572555,37,13.29302171734373,-3.0431869309053816
US30,M5,sweep+mss,1.0,30,243,0.14888263434801635,0.17698560703451893,58.67768595041322,1.5999582534892665,121,21.41525845117679,-1.5896776267879391
US30,M5,sweep+mss,1.0,60,243,0.175249137208378,0.16114842256193027,57.85123966942149,1.476871818571073,121,19.498959129993562,-1.7473216389880573
US30,M5,sweep+mss,1.0,120,243,0.13642984246416603,0.14509450704899438,56.19834710743802,1.4019465305193184,121,17.556435352928318,-2.044918922657197
US30,M5,sweep+mss,1.0,240,243,0.14849362571234018,0.1366996001603095,56.19834710743802,1.3700839909162479,121,16.540651619397448,-2.0449189226572013
US30,M5,sweep+mss,1.5,30,243,0.14107742339190846,0.20729116802004868,54.54545454545455,1.598926256411541,121,25.08223133042589,-2.4474486069032437
US30,M5,sweep+mss,1.5,60,242,0.20035931050322459,0.18612669689969757,52.5,1.4667744437037844,120,22.335203627963708,-2.6265424890576616
US30,M5,sweep+mss,1.5,120,241,0.17960918485033978,0.13486889763463938,45.833333333333336,1.2945650758915668,120,16.184267716156725,-3.3568357585475077
US30,M5,sweep+mss,1.5,240,241,0.19620908229343112,0.15255520427764988,46.666666666666664,1.3275861001223925,120,18.306624513317985,-3.5695262914164556
US30,M5,sweep+mss,2.0,30,243,0.11182299561282096,0.21900943064032022,50.413223140495866,1.5832776744645543,121,26.500141107478747,-4.158387380274641
US30,M5,sweep+mss,2.0,60,242,0.1697038251172608,0.20648921471778023,48.333333333333336,1.4754437276383772,120,24.778705766133626,-6.156236610478559
US30,M5,sweep+mss,2.0,120,241,0.13120973818936524,0.12569025413861754,39.166666666666664,1.2435956464782352,120,15.082830496634106,-5.968038322729148
US30,M5,sweep+mss,2.0,240,240,0.12231458111750382,0.13036940781827977,38.65546218487395,1.2429475120366513,119,15.513959530375294,-5.42119273023377
US30,M5,sweep+mss,2.5,30,243,0.09010904222337991,0.2870625050295558,49.586776859504134,1.7629120900976392,121,34.73456310857625,-4.1583873802746485
US30,M5,sweep+mss,2.5,60,242,0.11941408171000081,0.2910404510457457,47.5,1.6630661592985958,120,34.92485412548949,-5.92394988819937
US30,M5,sweep+mss,2.5,120,241,0.044206745069056905,0.22198685808334162,39.166666666666664,1.4302245434625918,120,26.638422970000995,-5.547387487104656
US30,M5,sweep+mss,2.5,240,240,0.03223277866067415,0.22790961146770608,37.81512605042017,1.4181672782178711,119,27.121243764657024,-5.421192730233811
US30,M5,sweep+mss,3.0,30,243,0.07034221182720418,0.3237666115847113,48.760330578512395,1.8493439942397876,121,39.17576000175007,-4.158387380274657
US30,M5,sweep+mss,3.0,60,242,0.11839453450067647,0.3520103128913579,46.666666666666664,1.7930012260631176,120,42.24123754696295,-4.876776530054074
US30,M5,sweep+mss,3.0,120,241,0.03525192350859997,0.323739821550466,38.333333333333336,1.6214482568184279,120,38.84877858605592,-5.387777512523568
US30,M5,sweep+mss,3.0,240,240,0.03388730325740268,0.35134723688090613,36.97478991596638,1.6387818201846487,119,41.81032118882783,-5.421192730233795
NAS100,M1,sweep_only,1.0,30,10646,0.2116572577359379,0.18048130004271304,59.33859451334085,1.565395506753585,5322,960.5214788273188,-6.488569659629842
NAS100,M1,sweep_only,1.0,60,10626,0.2113757572666952,0.18110443558813785,59.318524096385545,1.5662808228179546,5312,962.0267618441883,-6.488569659629821
NAS100,M1,sweep_only,1.0,120,10619,0.2105599560138166,0.18154234584938736,59.35204369937841,1.5666660934498204,5309,963.8083141143975,-6.488569659629821
NAS100,M1,sweep_only,1.0,240,10617,0.21021245872656028,0.18113541963517477,59.306706857573474,1.56491803475604,5308,961.4668074235076,-6.488569659629867
NAS100,M1,sweep_only,1.5,30,10264,0.1306863016534139,0.1153653094308851,47.92438121223933,1.2790117499905524,5131,591.9394026898715,-10.226995340175824
NAS100,M1,sweep_only,1.5,60,10225,0.12990872754207738,0.11858815010065034,47.76995305164319,1.285115064068454,5112,606.2226233145245,-10.338980017216
NAS100,M1,sweep_only,1.5,120,10217,0.12911627156785419,0.11923358560729834,47.748629600626465,1.2860621170459379,5108,609.0451552820799,-9.903484046669538
NAS100,M1,sweep_only,1.5,240,10210,0.12827746992324837,0.11954194537948948,47.707680250783696,1.2864556011836372,5104,610.1420892169143,-9.903484046669604
NAS100,M1,sweep_only,2.0,30,10005,0.13296816188740726,0.11620863604089982,42.24310275889644,1.2537705098629106,5002,581.2755974765809,-20.85858878637346
NAS100,M1,sweep_only,2.0,60,9927,0.13253077033577249,0.11944395667296995,41.52730203505944,1.2564455866636446,4963,592.8003569679498,-22.00596924779698
NAS100,M1,sweep_only,2.0,120,9899,0.13256424928205182,0.12063001616462546,41.40230349565569,1.257788169826838,4949,596.9979499987314,-22.16809185707985
NAS100,M1,sweep_only,2.0,240,9883,0.1314711159840073,0.1209481033010285,41.28718882817243,1.2580586933021205,4941,597.6045784103818,-21.615401883892776
NAS100,M1,sweep_only,2.5,30,9834,0.1457052517551669,0.14333721408181777,39.19853539462978,1.2973342494268596,4916,704.6457444262161,-15.899535026508127
NAS100,M1,sweep_only,2.5,60,9705,0.13944775923646097,0.1429718733333546,37.88128606760099,1.288269023069883,4852,693.6995294134365,-19.43288868872965
NAS100,M1,sweep_only,2.5,120,9645,0.140753849722583,0.1436985838639369,37.536291995022815,1.2870954325832327,4822,692.9145713919038,-20.56093841458334
NAS100,M1,sweep_only,2.5,240,9620,0.14025636610871658,0.1452072381883413,37.32584736951549,1.2892660739468638,4809,698.3016084477333,-18.959013226891734
NAS100,M1,sweep_only,3.0,30,9702,0.1582176632361893,0.1495024954485012,36.865979381443296,1.2995373267144248,4850,725.0871029252307,-15.477468370868145
NAS100,M1,sweep_only,3.0,60,9516,0.15066497892884886,0.14649850801442799,34.81185621189825,1.2825403982182495,4757,696.893402624634,-21.205666854257526
NAS100,M1,sweep_only,3.0,120,9428,0.14976083521982958,0.14300520003595696,34.05474220241884,1.2715609773357506,4713,673.9835077694652,-22.358726730648023
NAS100,M1,sweep_only,3.0,240,9391,0.146281951285817,0.14131893250423266,33.69542066027689,1.266811772847538,4695,663.4923881073723,-22.03033214845643
NAS100,M1,full_chain,1.0,30,806,0.2270427406419618,0.24647516158566737,59.950248756218905,1.782712756220063,402,99.08301495743828,-3.2982787102680633
NAS100,M1,full_chain,1.0,60,806,0.22951130160527708,0.24867506364598554,60.19900497512438,1.788980486688716,402,99.96737558568618,-3.298278710268111
NAS100,M1,full_chain,1.0,120,806,0.2282901908331998,0.2527959904094897,60.44776119402985,1.806430858100327,402,101.62398814461486,-3.298278710268062
NAS100,M1,full_chain,1.0,240,806,0.2282901908331998,0.25280021937764247,60.44776119402985,1.806444348703603,402,101.62568818981228,-3.2982787102680953
NAS100,M1,full_chain,1.5,30,806,0.1806884308787164,0.15576591863187972,46.517412935323385,1.381028253144927,402,62.61789929001564,-7.350617016267977
NAS100,M1,full_chain,1.5,60,806,0.1872499098196014,0.1635592370091136,47.2636815920398,1.3945018654978771,402,65.75081327766367,-7.3506170162679005
NAS100,M1,full_chain,1.5,120,806,0.18972462762152215,0.15846901014303963,47.014925373134325,1.3798510428580881,402,63.704542077501934,-7.350617016267978
NAS100,M1,full_chain,1.5,240,806,0.18972462762152215,0.15882393856702806,46.766169154228855,1.378444470359734,402,63.847223303945285,-7.350617016267898
NAS100,M1,full_chain,2.0,30,805,0.17605279669081472,0.09056412828663252,39.55223880597015,1.19522271551657,402,36.406779571226274,-8.037019592700856
NAS100,M1,full_chain,2.0,60,805,0.18143805999272575,0.11279151729621034,39.55223880597015,1.2376613285065652,402,45.342189953076556,-7.7154122826982015
NAS100,M1,full_chain,2.0,120,804,0.18892066183470752,0.10586675755319329,38.90274314214464,1.220460785527776,401,42.45256977883051,-7.7389519264318185
NAS100,M1,full_chain,2.0,240,804,0.18951593901180458,0.1074694538784883,38.65336658354115,1.2226416929476411,401,43.09525100527381,-7.738168934303749
NAS100,M1,full_chain,2.5,30,805,0.15632938981378192,0.11096359494339271,37.06467661691542,1.2309900226825323,402,44.60736516724387,-8.03542138004521
NAS100,M1,full_chain,2.5,60,805,0.16185198824224778,0.10587348059285351,35.32338308457712,1.2084985363206038,402,42.56113919832711,-9.168872069145701
NAS100,M1,full_chain,2.5,120,802,0.17564424781550556,0.08963667846087428,34.0,1.1726571713285645,400,35.854671384349714,-9.740753525127495
NAS100,M1,full_chain,2.5,240,802,0.1731923716793965,0.09548056124423471,33.75,1.1822494815614035,400,38.192224497693886,-9.232395398625295
NAS100,M1,full_chain,3.0,30,805,0.19601970563569765,0.10975565810851659,34.82587064676617,1.2215518367780325,402,44.12177455962367,-7.723140283113522
NAS100,M1,full_chain,3.0,60,805,0.20301241156947952,0.0906510294709257,31.8407960199005,1.1695157903299453,402,36.44171384731213,-9.986718504343052
NAS100,M1,full_chain,3.0,120,802,0.2019031867912837,0.09152607591583982,30.75,1.168246605163594,400,36.610430366335926,-10.200315742442786
NAS100,M1,full_chain,3.0,240,802,0.19640369314568665,0.09692810690658575,30.25,1.1763021330533145,400,38.7712427626343,-9.859503395726248
NAS100,M1,sweep+mss,1.0,30,2758,0.19794120590466893,0.22459796077405786,59.14368650217707,1.7090195422126813,1378,309.4959899466517,-6.502046152093873
NAS100,M1,sweep+mss,1.0,60,2757,0.20145479634107766,0.22613767272232965,59.21625544267054,1.7076710886073752,1378,311.61771301137026,-6.760687631213841
NAS100,M1,sweep+mss,1.0,120,2756,0.20136830108359258,0.2282253719986007,59.25925925925926,1.7137386332284792,1377,314.2663372420732,-6.760687631213841
NAS100,M1,sweep+mss,1.0,240,2756,0.20085091718250264,0.22823803520902827,59.25925925925926,1.713803747585775,1377,314.2837744828319,-6.760687631213841
NAS100,M1,sweep+mss,1.5,30,2741,0.12774820164607018,0.17568441061291662,48.175182481751825,1.4427385820431906,1370,240.6876425396958,-10.590916493778959
NAS100,M1,sweep+mss,1.5,60,2738,0.13066313271486701,0.1839578565090501,48.099415204678365,1.4546209366345746,1368,251.65434770438054,-10.627745245269576
NAS100,M1,sweep+mss,1.5,120,2736,0.13060400543248943,0.18561659543200784,47.9151426481346,1.456164854050183,1367,253.7378859555547,-10.116983395362722
NAS100,M1,sweep+mss,1.5,240,2736,0.13092291520864824,0.18655667982032795,47.84198975859547,1.4574137092890902,1367,255.0229813143883,-10.116983395362722
NAS100,M1,sweep+mss,2.0,30,2722,0.11033549918507396,0.14752860551776975,41.98529411764706,1.3321669702763193,1360,200.63890350416688,-12.403966673924097
NAS100,M1,sweep+mss,2.0,60,2710,0.10850028111966571,0.16021502557123962,40.989660265878875,1.3490454327495216,1354,216.93114462345847,-14.891230099554456
NAS100,M1,sweep+mss,2.0,120,2704,0.10674995080886014,0.16731905582962348,40.71058475203553,1.3609463386359266,1351,226.04804442582133,-14.997222388478015
NAS100,M1,sweep+mss,2.0,240,2702,0.10846784560390729,0.1695032846256889,40.592592592592595,1.364636374270441,1350,228.82943424468002,-14.821911128695788
NAS100,M1,sweep+mss,2.5,30,2713,0.11368010221209522,0.14472157394156684,38.7905604719764,1.3099966292096679,1356,196.24245426476463,-11.295806916650312
NAS100,M1,sweep+mss,2.5,60,2697,0.11028081618555724,0.14712898421217463,36.275964391691396,1.2977162090464414,1348,198.3298707180114,-11.883816612052744
NAS100,M1,sweep+mss,2.5,120,2683,0.10957830422304587,0.14997948337974662,35.421327367636096,1.2978857572877731,1341,201.1224872122402,-11.270901150627468
NAS100,M1,sweep+mss,2.5,240,2679,0.11111319313363238,0.15051371796794782,35.100821508588496,1.296443165780319,1339,201.53786835908215,-11.650018040563399
NAS100,M1,sweep+mss,3.0,30,2708,0.13898223177839222,0.1361045359827648,36.80709534368071,1.2834010333111285,1353,184.1494371846808,-12.952273871447787
NAS100,M1,sweep+mss,3.0,60,2686,0.11743322682382804,0.1363865726099073,33.23397913561848,1.2638721842099114,1342,183.0307804424956,-13.90683398777407
NAS100,M1,sweep+mss,3.0,120,2671,0.11767170574219189,0.13309456384651955,31.760299625468164,1.250987803646741,1335,177.68124273510358,-14.240078668973242
NAS100,M1,sweep+mss,3.0,240,2659,0.1172690542451607,0.1217414193650341,30.9255079006772,1.2257943125989652,1329,161.79434633613033,-15.515946715812806
NAS100,M5,sweep_only,1.0,30,344,0.30943637900698034,0.33435569011157007,70.76023391812865,2.428138845389804,171,57.17482300907848,-1.5764945142855362
NAS100,M5,sweep_only,1.0,60,344,0.28842557976687827,0.29777777411750583,69.00584795321637,2.119636323790851,171,50.91999937409349,-1.9153450318419836
NAS100,M5,sweep_only,1.0,120,344,0.28278256893047427,0.2939567894716771,68.42105263157895,2.0423496144702717,171,50.26661099965678,-2.5734459215968606
NAS100,M5,sweep_only,1.0,240,343,0.2775844777935652,0.26859393405233234,68.42105263157895,1.8417974783740367,171,45.92956272294883,-3.6308237015299283
NAS100,M5,sweep_only,1.5,30,343,0.30043312831515084,0.3821976370836176,64.32748538011695,2.339956751147805,171,65.35579594129861,-2.2260643674047325
NAS100,M5,sweep_only,1.5,60,343,0.2908366674873535,0.32680098060063534,59.64912280701754,1.9607550781227692,171,55.88296768270864,-2.335374404464908
NAS100,M5,sweep_only,1.5,120,343,0.29179080132914664,0.33236667059058156,58.47953216374269,1.906565474693213,171,56.83470067098945,-2.990657099019532
NAS100,M5,sweep_only,1.5,240,342,0.2977394063762056,0.28368510220343623,56.470588235294116,1.6695180455535041,170,48.22646737458416,-4.592325640717589
NAS100,M5,sweep_only,2.0,30,342,0.3465029194243828,0.3557423681267137,58.23529411764706,2.0834005107901445,170,60.47620258154133,-2.329775192829151
NAS100,M5,sweep_only,2.0,60,342,0.3571720998883103,0.25821873972780846,51.1764705882353,1.6391296537923439,170,43.897185753727435,-2.335374404464892
NAS100,M5,sweep_only,2.0,120,342,0.37510864254977827,0.2902035812052037,50.0,1.6686965530987368,170,49.334608804884624,-3.388563440151237
NAS100,M5,sweep_only,2.0,240,341,0.35658968164818167,0.20495327485842518,45.294117647058826,1.3958867524531366,170,34.84205672593228,-4.592325640717597
NAS100,M5,sweep_only,2.5,30,342,0.3918442166899011,0.40192950881880046,56.470588235294116,2.172826892749742,170,68.32801649919608,-2.329775192829161
NAS100,M5,sweep_only,2.5,60,341,0.4088911236527301,0.2987592591612064,47.64705882352941,1.6877073074990459,170,50.78907405740509,-2.5423705222588984
NAS100,M5,sweep_only,2.5,120,341,0.39511139603759854,0.3462747451910625,45.88235294117647,1.7354855911891605,170,58.866706682480626,-3.406777420769005
NAS100,M5,sweep_only,2.5,240,340,0.3885261500580085,0.2513909853785308,40.23668639053255,1.4470417280181525,169,42.485076528971696,-4.592325640717591
NAS100,M5,sweep_only,3.0,30,342,0.4420226774865371,0.44077950563838453,55.294117647058826,2.2598499137160544,170,74.93251595852537,-2.329775192829154
NAS100,M5,sweep_only,3.0,60,340,0.4574359424017587,0.30507770317965716,45.562130177514796,1.669221077018741,169,51.558131837362055,-3.28861901736221
NAS100,M5,sweep_only,3.0,120,340,0.4614288904605024,0.33572007125660963,42.603550295857985,1.673299209166672,169,56.736692042367025,-4.669119179007993
NAS100,M5,sweep_only,3.0,240,339,0.45265322583139284,0.20161625184717472,34.9112426035503,1.3324659653366748,169,34.073146562172525,-5.069510345779169
NAS100,M5,full_chain,1.0,30,73,0.10352913815890763,0.07384472408396482,52.77777777777778,1.2122174056588275,36,2.6584100670227335,-2.6835463550686804
NAS100,M5,full_chain,1.0,60,73,0.17486597553407074,0.04963652952444311,52.77777777777778,1.130230419242472,36,1.7869150628799522,-2.255227831693057
NAS100,M5,full_chain,1.0,120,73,0.17486597553407074,0.01620820604338177,50.0,1.037496555267047,36,0.5834954175617437,-3.2066660443600092
NAS100,M5,full_chain,1.0,240,73,0.17931949518177046,0.007043593716722914,50.0,1.0159565572422724,36,0.25356937380202493,-3.366537043527356
NAS100,M5,full_chain,1.5,30,73,0.06824634648495105,0.010057274623304326,47.22222222222222,1.0249215059266625,36,0.36206188643895576,-3.5180616469986554
NAS100,M5,full_chain,1.5,60,73,0.19783609536354588,0.03002792155078937,44.44444444444444,1.0650789884056968,36,1.0810051758284174,-2.8843589709776003
NAS100,M5,full_chain,1.5,120,73,0.1892071904393948,0.023532994992012453,41.666666666666664,1.0459160718748948,36,0.8471878197124483,-3.7064651083834907
NAS100,M5,full_chain,1.5,240,73,0.1936607100870945,0.014368382665353594,41.666666666666664,1.0275421747922933,36,0.5172617759527294,-3.8655106026066046
NAS100,M5,full_chain,2.0,30,73,0.05862822170966644,-0.002802204779185432,44.44444444444444,0.9935039229082575,36,-0.10087937205067554,-3.815758460413344
NAS100,M5,full_chain,2.0,60,73,0.1322041016707192,0.025212199057688522,41.666666666666664,1.0515357114817312,36,0.9076391660767867,-2.7890387473018166
NAS100,M5,full_chain,2.0,120,73,0.17672683662744454,0.00045961250697039283,36.111111111111114,1.0008414388228615,36,0.01654605025093414,-4.371719075982706
NAS100,M5,full_chain,2.0,240,73,0.12952486700923657,0.030641764677982734,36.111111111111114,1.0551719410725622,36,1.1031035284073785,-4.5296657877571525
NAS100,M5,full_chain,2.5,30,73,0.12735837731382224,-0.0349335279651069,41.666666666666664,0.9218414744891382,36,-1.2576070067438485,-4.390872271412661
NAS100,M5,full_chain,2.5,60,73,0.11744711513736009,-0.10337092742324337,36.111111111111114,0.8039555693120279,36,-3.7213533872367615,-5.427047073338482
NAS100,M5,full_chain,2.5,120,73,0.27366048544899113,-0.13221175521285708,27.77777777777778,0.7765041771375937,36,-4.7596231876628545,-6.758525419211421
NAS100,M5,full_chain,2.5,240,73,0.2552453996865267,-0.2412518601492574,22.22222222222222,0.6391052580983926,36,-8.685066965373267,-8.590547192239322
NAS100,M5,full_chain,3.0,30,73,0.14805260344154667,-0.035420075186328843,41.666666666666664,0.9207528981094465,36,-1.2751227067078383,-4.390872271412645
NAS100,M5,full_chain,3.0,60,73,0.07531094433062945,-0.07559314964546845,36.111111111111114,0.8566365190332589,36,-2.7213533872368645,-5.193532956471696
NAS100,M5,full_chain,3.0,120,73,0.3496068214142831,-0.08585460466710321,27.77777777777778,0.8548680827532433,36,-3.0907657680157157,-6.269538072892497
NAS100,M5,full_chain,3.0,240,73,0.3399986198886873,-0.19489470960350352,22.22222222222222,0.708452088714137,36,-7.016209545726127,-8.111167538947802
NAS100,M5,sweep+mss,1.0,30,197,0.20425988859578095,0.0706718895422865,53.06122448979592,1.1950156951428585,98,6.925845175144077,-4.368208837910878
NAS100,M5,sweep+mss,1.0,60,197,0.243228200903701,0.06241107236827983,53.06122448979592,1.1580143960946314,98,6.116285092091423,-3.774399722863691
NAS100,M5,sweep+mss,1.0,120,197,0.24540932844253513,0.05299715469972002,52.04081632653061,1.1280905412562496,98,5.193721160572562,-4.326823544854979
NAS100,M5,sweep+mss,1.0,240,197,0.23843981395994177,0.042399502268703364,52.04081632653061,1.0999174646149914,98,4.15515122233293,-4.326823544854959
NAS100,M5,sweep+mss,1.5,30,197,0.10109210712825124,0.03574058059729256,46.93877551020408,1.0859875501701224,98,3.5025768985346706,-5.602430397707636
NAS100,M5,sweep+mss,1.5,60,197,0.15372213635630957,0.053310213531905064,45.91836734693877,1.116279257276856,98,5.224400926126696,-3.6044614687641676
NAS100,M5,sweep+mss,1.5,120,196,0.13903768202601094,0.0684012303860078,45.36082474226804,1.142241101786103,97,6.634919347442757,-4.809538449850028
NAS100,M5,sweep+mss,1.5,240,196,0.11519268338275915,0.04845836730953064,44.329896907216494,1.0965497546015042,97,4.700461629024472,-4.341670850636292
NAS100,M5,sweep+mss,2.0,30,197,0.10053482579507345,0.03815913554924133,43.87755102040816,1.087032887623296,98,3.7395952838256505,-6.076514476811214
NAS100,M5,sweep+mss,2.0,60,197,0.14366069133743756,0.04930082018425173,41.83673469387755,1.10031157892885,98,4.8314803780566695,-5.448173063438636
NAS100,M5,sweep+mss,2.0,120,196,0.1494458715277964,0.06205281978868916,40.20618556701031,1.1201600240821816,97,6.019123519502848,-7.07861899306062
NAS100,M5,sweep+mss,2.0,240,196,0.1064288120374201,0.051462873868033894,38.144329896907216,1.0949027120602808,97,4.991898765199288,-6.6219040791988215
NAS100,M5,sweep+mss,2.5,30,197,0.09584863232308068,-0.016684440402823773,39.795918367346935,0.9645112026305636,98,-1.6350751594767297,-7.207742985695659
NAS100,M5,sweep+mss,2.5,60,197,0.1305513118586685,-0.0016360856071857962,37.755102040816325,0.9968888337451521,98,-0.16033638950420803,-5.907091962410081
NAS100,M5,sweep+mss,2.5,120,196,0.09507071542120626,0.0622151107379311,36.08247422680412,1.1128780004761116,97,6.034865741579317,-7.785681316480314
NAS100,M5,sweep+mss,2.5,240,196,0.03708574343795214,0.002386184763774982,30.927835051546392,1.0040038653394885,97,0.23145992208617328,-8.256575219634904
NAS100,M5,sweep+mss,3.0,30,197,0.14997822779008743,-0.005212274547937576,38.775510204081634,0.9889473621365793,98,-0.5108029056978824,-7.0506076653719285
NAS100,M5,sweep+mss,3.0,60,197,0.140159372786709,-0.0028076891672053116,35.714285714285715,0.9947994500302159,98,-0.27515353838612056,-5.51772050277711
NAS100,M5,sweep+mss,3.0,120,196,0.13252704452834713,0.06028662173837446,32.98969072164948,1.1060358361983906,97,5.847802308622322,-6.961522389272832
NAS100,M5,sweep+mss,3.0,240,196,0.08288403938109437,0.003253846759534655,27.835051546391753,1.0052937369258104,97,0.31562313567486155,-7.436624873259346
