tf,config,buf,mult,rr,hold,n
5,sweep_only,0.15,1.0,1.0,60,53
5,sweep_only,0.15,1.0,1.0,120,53
5,sweep_only,0.15,1.0,1.0,240,53
5,sweep_only,0.15,1.0,1.5,60,53
5,sweep_only,0.15,1.0,1.5,120,53
5,sweep_only,0.15,1.0,1.5,240,53
5,sweep_only,0.15,1.0,2.0,60,53
5,sweep_only,0.15,1.0,2.0,120,53
5,sweep_only,0.15,1.0,2.0,240,53
5,sweep_only,0.15,1.0,3.0,60,53
5,sweep_only,0.15,1.0,3.0,120,53
5,sweep_only,0.15,1.0,3.0,240,53
5,sweep_only,0.15,2.0,1.0,60,18
5,sweep_only,0.15,2.0,1.0,120,18
5,sweep_only,0.15,2.0,1.0,240,18
5,sweep_only,0.15,2.0,1.5,60,18
5,sweep_only,0.15,2.0,1.5,120,18
5,sweep_only,0.15,2.0,1.5,240,18
5,sweep_only,0.15,2.0,2.0,60,18
5,sweep_only,0.15,2.0,2.0,120,18
5,sweep_only,0.15,2.0,2.0,240,18
5,sweep_only,0.15,2.0,3.0,60,18
5,sweep_only,0.15,2.0,3.0,120,18
5,sweep_only,0.15,2.0,3.0,240,18
5,sweep_only,0.15,3.0,1.0,60,11
5,sweep_only,0.15,3.0,1.0,120,11
5,sweep_only,0.15,3.0,1.0,240,11
5,sweep_only,0.15,3.0,1.5,60,11
5,sweep_only,0.15,3.0,1.5,120,11
5,sweep_only,0.15,3.0,1.5,240,11
5,sweep_only,0.15,3.0,2.0,60,11
5,sweep_only,0.15,3.0,2.0,120,11
5,sweep_only,0.15,3.0,2.0,240,11
5,sweep_only,0.15,3.0,3.0,60,11
5,sweep_only,0.15,3.0,3.0,120,11
5,sweep_only,0.15,3.0,3.0,240,11
5,sweep_only,0.5,1.0,1.0,60,65
5,sweep_only,0.5,1.0,1.0,120,65
5,sweep_only,0.5,1.0,1.0,240,65
5,sweep_only,0.5,1.0,1.5,60,65
5,sweep_only,0.5,1.0,1.5,120,65
5,sweep_only,0.5,1.0,1.5,240,65
5,sweep_only,0.5,1.0,2.0,60,65
5,sweep_only,0.5,1.0,2.0,120,65
5,sweep_only,0.5,1.0,2.0,240,65
5,sweep_only,0.5,1.0,3.0,60,65
5,sweep_only,0.5,1.0,3.0,120,65
5,sweep_only,0.5,1.0,3.0,240,65
5,sweep_only,0.5,2.0,1.0,60,33
5,sweep_only,0.5,2.0,1.0,120,33
5,sweep_only,0.5,2.0,1.0,240,33
5,sweep_only,0.5,2.0,1.5,60,33
5,sweep_only,0.5,2.0,1.5,120,33
5,sweep_only,0.5,2.0,1.5,240,33
5,sweep_only,0.5,2.0,2.0,60,33
5,sweep_only,0.5,2.0,2.0,120,33
5,sweep_only,0.5,2.0,2.0,240,33
5,sweep_only,0.5,2.0,3.0,60,33
5,sweep_only,0.5,2.0,3.0,120,33
5,sweep_only,0.5,2.0,3.0,240,33
5,sweep_only,0.5,3.0,1.0,60,15
5,sweep_only,0.5,3.0,1.0,120,15
5,sweep_only,0.5,3.0,1.0,240,15
5,sweep_only,0.5,3.0,1.5,60,15
5,sweep_only,0.5,3.0,1.5,120,15
5,sweep_only,0.5,3.0,1.5,240,15
5,sweep_only,0.5,3.0,2.0,60,15
5,sweep_only,0.5,3.0,2.0,120,15
5,sweep_only,0.5,3.0,2.0,240,15
5,sweep_only,0.5,3.0,3.0,60,15
5,sweep_only,0.5,3.0,3.0,120,15
5,sweep_only,0.5,3.0,3.0,240,15
5,sweep_only,1.0,1.0,1.0,60,74
5,sweep_only,1.0,1.0,1.0,120,74
5,sweep_only,1.0,1.0,1.0,240,74
5,sweep_only,1.0,1.0,1.5,60,74
5,sweep_only,1.0,1.0,1.5,120,74
5,sweep_only,1.0,1.0,1.5,240,74
5,sweep_only,1.0,1.0,2.0,60,74
5,sweep_only,1.0,1.0,2.0,120,74
5,sweep_only,1.0,1.0,2.0,240,74
5,sweep_only,1.0,1.0,3.0,60,74
5,sweep_only,1.0,1.0,3.0,120,74
5,sweep_only,1.0,1.0,3.0,240,74
5,sweep_only,1.0,2.0,1.0,60,50
5,sweep_only,1.0,2.0,1.0,120,50
5,sweep_only,1.0,2.0,1.0,240,50
5,sweep_only,1.0,2.0,1.5,60,50
5,sweep_only,1.0,2.0,1.5,120,50
5,sweep_only,1.0,2.0,1.5,240,50
5,sweep_only,1.0,2.0,2.0,60,50
5,sweep_only,1.0,2.0,2.0,120,50
5,sweep_only,1.0,2.0,2.0,240,50
5,sweep_only,1.0,2.0,3.0,60,50
5,sweep_only,1.0,2.0,3.0,120,50
5,sweep_only,1.0,2.0,3.0,240,50
5,sweep_only,1.0,3.0,1.0,60,29
5,sweep_only,1.0,3.0,1.0,120,29
5,sweep_only,1.0,3.0,1.0,240,29
5,sweep_only,1.0,3.0,1.5,60,29
5,sweep_only,1.0,3.0,1.5,120,29
5,sweep_only,1.0,3.0,1.5,240,29
5,sweep_only,1.0,3.0,2.0,60,29
5,sweep_only,1.0,3.0,2.0,120,29
5,sweep_only,1.0,3.0,2.0,240,29
5,sweep_only,1.0,3.0,3.0,60,29
5,sweep_only,1.0,3.0,3.0,120,29
5,sweep_only,1.0,3.0,3.0,240,29
5,sweep+mss,0.15,1.0,1.0,60,35
5,sweep+mss,0.15,1.0,1.0,120,35
5,sweep+mss,0.15,1.0,1.0,240,35
5,sweep+mss,0.15,1.0,1.5,60,35
5,sweep+mss,0.15,1.0,1.5,120,35
5,sweep+mss,0.15,1.0,1.5,240,35
5,sweep+mss,0.15,1.0,2.0,60,35
5,sweep+mss,0.15,1.0,2.0,120,35
5,sweep+mss,0.15,1.0,2.0,240,35
5,sweep+mss,0.15,1.0,3.0,60,35
5,sweep+mss,0.15,1.0,3.0,120,35
5,sweep+mss,0.15,1.0,3.0,240,35
5,sweep+mss,0.15,2.0,1.0,60,18
5,sweep+mss,0.15,2.0,1.0,120,18
5,sweep+mss,0.15,2.0,1.0,240,18
5,sweep+mss,0.15,2.0,1.5,60,18
5,sweep+mss,0.15,2.0,1.5,120,18
5,sweep+mss,0.15,2.0,1.5,240,18
5,sweep+mss,0.15,2.0,2.0,60,18
5,sweep+mss,0.15,2.0,2.0,120,18
5,sweep+mss,0.15,2.0,2.0,240,18
5,sweep+mss,0.15,2.0,3.0,60,18
5,sweep+mss,0.15,2.0,3.0,120,18
5,sweep+mss,0.15,2.0,3.0,240,18
5,sweep+mss,0.15,3.0,1.0,60,7
5,sweep+mss,0.15,3.0,1.0,120,7
5,sweep+mss,0.15,3.0,1.0,240,7
5,sweep+mss,0.15,3.0,1.5,60,7
5,sweep+mss,0.15,3.0,1.5,120,7
5,sweep+mss,0.15,3.0,1.5,240,7
5,sweep+mss,0.15,3.0,2.0,60,7
5,sweep+mss,0.15,3.0,2.0,120,7
5,sweep+mss,0.15,3.0,2.0,240,7
5,sweep+mss,0.15,3.0,3.0,60,7
5,sweep+mss,0.15,3.0,3.0,120,7
5,sweep+mss,0.15,3.0,3.0,240,7
5,sweep+mss,0.5,1.0,1.0,60,37
5,sweep+mss,0.5,1.0,1.0,120,37
5,sweep+mss,0.5,1.0,1.0,240,37
5,sweep+mss,0.5,1.0,1.5,60,37
5,sweep+mss,0.5,1.0,1.5,120,37
5,sweep+mss,0.5,1.0,1.5,240,37
5,sweep+mss,0.5,1.0,2.0,60,37
5,sweep+mss,0.5,1.0,2.0,120,37
5,sweep+mss,0.5,1.0,2.0,240,37
5,sweep+mss,0.5,1.0,3.0,60,37
5,sweep+mss,0.5,1.0,3.0,120,37
5,sweep+mss,0.5,1.0,3.0,240,37
5,sweep+mss,0.5,2.0,1.0,60,21
5,sweep+mss,0.5,2.0,1.0,120,21
5,sweep+mss,0.5,2.0,1.0,240,21
5,sweep+mss,0.5,2.0,1.5,60,21
5,sweep+mss,0.5,2.0,1.5,120,21
5,sweep+mss,0.5,2.0,1.5,240,21
5,sweep+mss,0.5,2.0,2.0,60,21
5,sweep+mss,0.5,2.0,2.0,120,21
5,sweep+mss,0.5,2.0,2.0,240,21
5,sweep+mss,0.5,2.0,3.0,60,21
5,sweep+mss,0.5,2.0,3.0,120,21
5,sweep+mss,0.5,2.0,3.0,240,21
5,sweep+mss,0.5,3.0,1.0,60,12
5,sweep+mss,0.5,3.0,1.0,120,12
5,sweep+mss,0.5,3.0,1.0,240,12
5,sweep+mss,0.5,3.0,1.5,60,12
5,sweep+mss,0.5,3.0,1.5,120,12
5,sweep+mss,0.5,3.0,1.5,240,12
5,sweep+mss,0.5,3.0,2.0,60,12
5,sweep+mss,0.5,3.0,2.0,120,12
5,sweep+mss,0.5,3.0,2.0,240,12
5,sweep+mss,0.5,3.0,3.0,60,12
5,sweep+mss,0.5,3.0,3.0,120,12
5,sweep+mss,0.5,3.0,3.0,240,12
5,sweep+mss,1.0,1.0,1.0,60,37
5,sweep+mss,1.0,1.0,1.0,120,37
5,sweep+mss,1.0,1.0,1.0,240,37
5,sweep+mss,1.0,1.0,1.5,60,37
5,sweep+mss,1.0,1.0,1.5,120,37
5,sweep+mss,1.0,1.0,1.5,240,37
5,sweep+mss,1.0,1.0,2.0,60,37
5,sweep+mss,1.0,1.0,2.0,120,37
5,sweep+mss,1.0,1.0,2.0,240,37
5,sweep+mss,1.0,1.0,3.0,60,37
5,sweep+mss,1.0,1.0,3.0,120,37
5,sweep+mss,1.0,1.0,3.0,240,37
5,sweep+mss,1.0,2.0,1.0,60,28
5,sweep+mss,1.0,2.0,1.0,120,28
5,sweep+mss,1.0,2.0,1.0,240,28
5,sweep+mss,1.0,2.0,1.5,60,28
5,sweep+mss,1.0,2.0,1.5,120,28
5,sweep+mss,1.0,2.0,1.5,240,28
5,sweep+mss,1.0,2.0,2.0,60,28
5,sweep+mss,1.0,2.0,2.0,120,28
5,sweep+mss,1.0,2.0,2.0,240,28
5,sweep+mss,1.0,2.0,3.0,60,28
5,sweep+mss,1.0,2.0,3.0,120,28
5,sweep+mss,1.0,2.0,3.0,240,28
5,sweep+mss,1.0,3.0,1.0,60,16
5,sweep+mss,1.0,3.0,1.0,120,16
5,sweep+mss,1.0,3.0,1.0,240,16
5,sweep+mss,1.0,3.0,1.5,60,16
5,sweep+mss,1.0,3.0,1.5,120,16
5,sweep+mss,1.0,3.0,1.5,240,16
5,sweep+mss,1.0,3.0,2.0,60,16
5,sweep+mss,1.0,3.0,2.0,120,16
5,sweep+mss,1.0,3.0,2.0,240,16
5,sweep+mss,1.0,3.0,3.0,60,16
5,sweep+mss,1.0,3.0,3.0,120,16
5,sweep+mss,1.0,3.0,3.0,240,16
15,sweep_only,0.15,1.0,1.0,60,3
15,sweep_only,0.15,1.0,1.0,120,3
15,sweep_only,0.15,1.0,1.0,240,3
15,sweep_only,0.15,1.0,1.5,60,3
15,sweep_only,0.15,1.0,1.5,120,3
15,sweep_only,0.15,1.0,1.5,240,3
15,sweep_only,0.15,1.0,2.0,60,3
15,sweep_only,0.15,1.0,2.0,120,3
15,sweep_only,0.15,1.0,2.0,240,3
15,sweep_only,0.15,1.0,3.0,60,3
15,sweep_only,0.15,1.0,3.0,120,3
15,sweep_only,0.15,1.0,3.0,240,3
15,sweep_only,0.15,2.0,1.0,60,1
15,sweep_only,0.15,2.0,1.0,120,1
15,sweep_only,0.15,2.0,1.0,240,1
15,sweep_only,0.15,2.0,1.5,60,1
15,sweep_only,0.15,2.0,1.5,120,1
15,sweep_only,0.15,2.0,1.5,240,1
15,sweep_only,0.15,2.0,2.0,60,1
15,sweep_only,0.15,2.0,2.0,120,1
15,sweep_only,0.15,2.0,2.0,240,1
15,sweep_only,0.15,2.0,3.0,60,1
15,sweep_only,0.15,2.0,3.0,120,1
15,sweep_only,0.15,2.0,3.0,240,1
15,sweep_only,0.15,3.0,1.0,60,1
15,sweep_only,0.15,3.0,1.0,120,1
15,sweep_only,0.15,3.0,1.0,240,1
15,sweep_only,0.15,3.0,1.5,60,1
15,sweep_only,0.15,3.0,1.5,120,1
15,sweep_only,0.15,3.0,1.5,240,1
15,sweep_only,0.15,3.0,2.0,60,1
15,sweep_only,0.15,3.0,2.0,120,1
15,sweep_only,0.15,3.0,2.0,240,1
15,sweep_only,0.15,3.0,3.0,60,1
15,sweep_only,0.15,3.0,3.0,120,1
15,sweep_only,0.15,3.0,3.0,240,1
15,sweep_only,0.5,1.0,1.0,60,4
15,sweep_only,0.5,1.0,1.0,120,4
15,sweep_only,0.5,1.0,1.0,240,4
15,sweep_only,0.5,1.0,1.5,60,4
15,sweep_only,0.5,1.0,1.5,120,4
15,sweep_only,0.5,1.0,1.5,240,4
15,sweep_only,0.5,1.0,2.0,60,4
15,sweep_only,0.5,1.0,2.0,120,4
15,sweep_only,0.5,1.0,2.0,240,4
15,sweep_only,0.5,1.0,3.0,60,4
15,sweep_only,0.5,1.0,3.0,120,4
15,sweep_only,0.5,1.0,3.0,240,4
15,sweep_only,0.5,2.0,1.0,60,2
15,sweep_only,0.5,2.0,1.0,120,2
15,sweep_only,0.5,2.0,1.0,240,2
15,sweep_only,0.5,2.0,1.5,60,2
15,sweep_only,0.5,2.0,1.5,120,2
15,sweep_only,0.5,2.0,1.5,240,2
15,sweep_only,0.5,2.0,2.0,60,2
15,sweep_only,0.5,2.0,2.0,120,2
15,sweep_only,0.5,2.0,2.0,240,2
15,sweep_only,0.5,2.0,3.0,60,2
15,sweep_only,0.5,2.0,3.0,120,2
15,sweep_only,0.5,2.0,3.0,240,2
15,sweep_only,0.5,3.0,1.0,60,1
15,sweep_only,0.5,3.0,1.0,120,1
15,sweep_only,0.5,3.0,1.0,240,1
15,sweep_only,0.5,3.0,1.5,60,1
15,sweep_only,0.5,3.0,1.5,120,1
15,sweep_only,0.5,3.0,1.5,240,1
15,sweep_only,0.5,3.0,2.0,60,1
15,sweep_only,0.5,3.0,2.0,120,1
15,sweep_only,0.5,3.0,2.0,240,1
15,sweep_only,0.5,3.0,3.0,60,1
15,sweep_only,0.5,3.0,3.0,120,1
15,sweep_only,0.5,3.0,3.0,240,1
15,sweep_only,1.0,1.0,1.0,60,2
15,sweep_only,1.0,1.0,1.0,120,2
15,sweep_only,1.0,1.0,1.0,240,2
15,sweep_only,1.0,1.0,1.5,60,2
15,sweep_only,1.0,1.0,1.5,120,2
15,sweep_only,1.0,1.0,1.5,240,2
15,sweep_only,1.0,1.0,2.0,60,2
15,sweep_only,1.0,1.0,2.0,120,2
15,sweep_only,1.0,1.0,2.0,240,2
15,sweep_only,1.0,1.0,3.0,60,2
15,sweep_only,1.0,1.0,3.0,120,2
15,sweep_only,1.0,1.0,3.0,240,2
15,sweep_only,1.0,2.0,1.0,60,2
15,sweep_only,1.0,2.0,1.0,120,2
15,sweep_only,1.0,2.0,1.0,240,2
15,sweep_only,1.0,2.0,1.5,60,2
15,sweep_only,1.0,2.0,1.5,120,2
15,sweep_only,1.0,2.0,1.5,240,2
15,sweep_only,1.0,2.0,2.0,60,2
15,sweep_only,1.0,2.0,2.0,120,2
15,sweep_only,1.0,2.0,2.0,240,2
15,sweep_only,1.0,2.0,3.0,60,2
15,sweep_only,1.0,2.0,3.0,120,2
15,sweep_only,1.0,2.0,3.0,240,2
15,sweep_only,1.0,3.0,1.0,60,1
15,sweep_only,1.0,3.0,1.0,120,1
15,sweep_only,1.0,3.0,1.0,240,1
15,sweep_only,1.0,3.0,1.5,60,1
15,sweep_only,1.0,3.0,1.5,120,1
15,sweep_only,1.0,3.0,1.5,240,1
15,sweep_only,1.0,3.0,2.0,60,1
15,sweep_only,1.0,3.0,2.0,120,1
15,sweep_only,1.0,3.0,2.0,240,1
15,sweep_only,1.0,3.0,3.0,60,1
15,sweep_only,1.0,3.0,3.0,120,1
15,sweep_only,1.0,3.0,3.0,240,1
15,sweep+mss,0.15,1.0,1.0,60,7
15,sweep+mss,0.15,1.0,1.0,120,7
15,sweep+mss,0.15,1.0,1.0,240,7
15,sweep+mss,0.15,1.0,1.5,60,7
15,sweep+mss,0.15,1.0,1.5,120,7
15,sweep+mss,0.15,1.0,1.5,240,7
15,sweep+mss,0.15,1.0,2.0,60,7
15,sweep+mss,0.15,1.0,2.0,120,7
15,sweep+mss,0.15,1.0,2.0,240,7
15,sweep+mss,0.15,1.0,3.0,60,7
15,sweep+mss,0.15,1.0,3.0,120,7
15,sweep+mss,0.15,1.0,3.0,240,7
15,sweep+mss,0.15,2.0,1.0,60,6
15,sweep+mss,0.15,2.0,1.0,120,6
15,sweep+mss,0.15,2.0,1.0,240,6
15,sweep+mss,0.15,2.0,1.5,60,6
15,sweep+mss,0.15,2.0,1.5,120,6
15,sweep+mss,0.15,2.0,1.5,240,6
15,sweep+mss,0.15,2.0,2.0,60,6
15,sweep+mss,0.15,2.0,2.0,120,6
15,sweep+mss,0.15,2.0,2.0,240,6
15,sweep+mss,0.15,2.0,3.0,60,6
15,sweep+mss,0.15,2.0,3.0,120,6
15,sweep+mss,0.15,2.0,3.0,240,6
15,sweep+mss,0.15,3.0,1.0,60,4
15,sweep+mss,0.15,3.0,1.0,120,4
15,sweep+mss,0.15,3.0,1.0,240,4
15,sweep+mss,0.15,3.0,1.5,60,4
15,sweep+mss,0.15,3.0,1.5,120,4
15,sweep+mss,0.15,3.0,1.5,240,4
15,sweep+mss,0.15,3.0,2.0,60,4
15,sweep+mss,0.15,3.0,2.0,120,4
15,sweep+mss,0.15,3.0,2.0,240,4
15,sweep+mss,0.15,3.0,3.0,60,4
15,sweep+mss,0.15,3.0,3.0,120,4
15,sweep+mss,0.15,3.0,3.0,240,4
15,sweep+mss,0.5,1.0,1.0,60,8
15,sweep+mss,0.5,1.0,1.0,120,8
15,sweep+mss,0.5,1.0,1.0,240,8
15,sweep+mss,0.5,1.0,1.5,60,8
15,sweep+mss,0.5,1.0,1.5,120,8
15,sweep+mss,0.5,1.0,1.5,240,8
15,sweep+mss,0.5,1.0,2.0,60,8
15,sweep+mss,0.5,1.0,2.0,120,8
15,sweep+mss,0.5,1.0,2.0,240,8
15,sweep+mss,0.5,1.0,3.0,60,8
15,sweep+mss,0.5,1.0,3.0,120,8
15,sweep+mss,0.5,1.0,3.0,240,8
15,sweep+mss,0.5,2.0,1.0,60,6
15,sweep+mss,0.5,2.0,1.0,120,6
15,sweep+mss,0.5,2.0,1.0,240,6
15,sweep+mss,0.5,2.0,1.5,60,6
15,sweep+mss,0.5,2.0,1.5,120,6
15,sweep+mss,0.5,2.0,1.5,240,6
15,sweep+mss,0.5,2.0,2.0,60,6
15,sweep+mss,0.5,2.0,2.0,120,6
15,sweep+mss,0.5,2.0,2.0,240,6
15,sweep+mss,0.5,2.0,3.0,60,6
15,sweep+mss,0.5,2.0,3.0,120,6
15,sweep+mss,0.5,2.0,3.0,240,6
15,sweep+mss,0.5,3.0,1.0,60,6
15,sweep+mss,0.5,3.0,1.0,120,6
15,sweep+mss,0.5,3.0,1.0,240,6
15,sweep+mss,0.5,3.0,1.5,60,6
15,sweep+mss,0.5,3.0,1.5,120,6
15,sweep+mss,0.5,3.0,1.5,240,6
15,sweep+mss,0.5,3.0,2.0,60,6
15,sweep+mss,0.5,3.0,2.0,120,6
15,sweep+mss,0.5,3.0,2.0,240,6
15,sweep+mss,0.5,3.0,3.0,60,6
15,sweep+mss,0.5,3.0,3.0,120,6
15,sweep+mss,0.5,3.0,3.0,240,6
15,sweep+mss,1.0,1.0,1.0,60,7
15,sweep+mss,1.0,1.0,1.0,120,7
15,sweep+mss,1.0,1.0,1.0,240,7
15,sweep+mss,1.0,1.0,1.5,60,7
15,sweep+mss,1.0,1.0,1.5,120,7
15,sweep+mss,1.0,1.0,1.5,240,7
15,sweep+mss,1.0,1.0,2.0,60,7
15,sweep+mss,1.0,1.0,2.0,120,7
15,sweep+mss,1.0,1.0,2.0,240,7
15,sweep+mss,1.0,1.0,3.0,60,7
15,sweep+mss,1.0,1.0,3.0,120,7
15,sweep+mss,1.0,1.0,3.0,240,7
15,sweep+mss,1.0,2.0,1.0,60,6
15,sweep+mss,1.0,2.0,1.0,120,6
15,sweep+mss,1.0,2.0,1.0,240,6
15,sweep+mss,1.0,2.0,1.5,60,6
15,sweep+mss,1.0,2.0,1.5,120,6
15,sweep+mss,1.0,2.0,1.5,240,6
15,sweep+mss,1.0,2.0,2.0,60,6
15,sweep+mss,1.0,2.0,2.0,120,6
15,sweep+mss,1.0,2.0,2.0,240,6
15,sweep+mss,1.0,2.0,3.0,60,6
15,sweep+mss,1.0,2.0,3.0,120,6
15,sweep+mss,1.0,2.0,3.0,240,6
15,sweep+mss,1.0,3.0,1.0,60,6
15,sweep+mss,1.0,3.0,1.0,120,6
15,sweep+mss,1.0,3.0,1.0,240,6
15,sweep+mss,1.0,3.0,1.5,60,6
15,sweep+mss,1.0,3.0,1.5,120,6
15,sweep+mss,1.0,3.0,1.5,240,6
15,sweep+mss,1.0,3.0,2.0,60,6
15,sweep+mss,1.0,3.0,2.0,120,6
15,sweep+mss,1.0,3.0,2.0,240,6
15,sweep+mss,1.0,3.0,3.0,60,6
15,sweep+mss,1.0,3.0,3.0,120,6
15,sweep+mss,1.0,3.0,3.0,240,6
