setup,symbol,horizon,n,mean_R,t,win%,med_R,t_boot
RANDOM-1bar,US30,1,20000,3054368105474871.5,1.0810736650889907,32.305,0.0,0.0
RANDOM-1bar,US30,2,20000,-2.057808831216965e+16,-1.2644546363927356,32.76,0.0,0.0
RANDOM-1bar,US30,3,20000,2.0709993115790595e+24,1.000024987682998,33.025,0.0,0.0
RANDOM-1bar,US30,5,20000,-1.2151282977247348e+24,-0.27866094274774905,33.78,0.0,0.0
RANDOM-1bar,US30,10,19999,-8.38102220671495e+23,-0.14373043083967665,34.54172708635432,0.0,0.0
RANDOM-1bar,US30,20,19999,-5.249542847527975e+24,-0.6443975023420415,36.29181459072954,0.0,0.0
SWEEP-reversal,US30,1,26411,0.01294276856168461,2.3781300287753453,50.539547915641215,0.002975812167007842,0.0
SWEEP-reversal,US30,2,26411,0.018889990825410936,2.4231560628466267,50.959827344667,0.022428697670604934,0.0
SWEEP-reversal,US30,3,26411,0.022779333597357756,2.3953756614941555,51.069630078376434,0.025007492369265395,0.0
SWEEP-reversal,US30,5,26411,0.021112924984165633,1.7268043061204903,50.96739994699179,0.02935574014105695,0.0
SWEEP-reversal,US30,10,26410,0.04834801438929138,2.808838484532283,51.34797425217721,0.06620102047268742,0.0
SWEEP-reversal,US30,20,26409,0.006183180289015125,0.23976104687683703,50.82358286947631,0.0529040022341316,0.0
SWEEP-with-sweep,US30,1,26411,-0.01294276856168461,-2.3781300287753453,48.953087728597936,-0.002975812167007842,0.0
SWEEP-with-sweep,US30,2,26411,-0.018889990825410936,-2.4231560628466267,48.650183635606375,-0.022428697670604934,0.0
SWEEP-with-sweep,US30,3,26411,-0.022779333597357756,-2.3953756614941555,48.574457612358486,-0.025007492369265395,0.0
SWEEP-with-sweep,US30,5,26411,-0.021112924984165633,-1.7268043061204903,48.68426034606792,-0.02935574014105695,0.0
SWEEP-with-sweep,US30,10,26410,-0.04834801438929138,-2.808838484532283,48.341537296478606,-0.06620102047268742,0.0
SWEEP-with-sweep,US30,20,26409,-0.006183180289015125,-0.23976104687683703,48.90756938922337,-0.0529040022341316,0.0
FVG-continuation,US30,1,39955,0.0033843849923093795,0.7896176205113018,49.1177574771618,0.0,0.0
FVG-continuation,US30,2,39955,0.0007587442578599136,0.12178779604197394,48.659742209986234,-0.0023008388323730983,0.0
FVG-continuation,US30,3,39955,-0.0010180516149285856,-0.1330005986374003,48.23676636215743,-0.017741746415961115,0.0
FVG-continuation,US30,5,39955,-0.0011711126275805515,-0.11694605654321381,48.694781629333,-0.006156893851014165,0.0
FVG-continuation,US30,10,39953,-0.016953879219521763,-1.190504264064874,48.787325107000726,-0.004625981238636878,0.0
FVG-continuation,US30,20,39953,-0.015698322698789416,-0.7421886407040342,48.5545515981278,-0.038156891261194884,0.0
FVG-on-touch-continuation,US30,1,29537,-0.0026677379761916556,-0.5131471060157498,49.82225683041609,0.0,0.0
FVG-on-touch-continuation,US30,2,29537,-0.0014159314931774072,-0.19566167548247979,50.19467109049667,0.001914056694133936,0.0
FVG-on-touch-continuation,US30,3,29537,-0.004956569359816236,-0.5651453685333206,50.08971798083759,0.0009696825188755502,0.0
FVG-on-touch-continuation,US30,5,29537,-0.00837568648330097,-0.7295022869811191,50.21159901140941,0.003931870764882627,0.0
FVG-on-touch-continuation,US30,10,29536,0.001398152031571991,0.08512939881933618,50.402898158179845,0.01832014829741125,0.0
FVG-on-touch-continuation,US30,20,29536,-0.009553594239130166,-0.38571282461583817,50.19298483206934,0.007891077446386674,0.0
RANDOM-1bar,NAS100,1,20000,-4.674300250385596e+24,-1.0000250004164741,32.955,0.0,0.0
RANDOM-1bar,NAS100,2,20000,-4.861071543662918e+24,-1.000025002513867,33.025,0.0,0.0
RANDOM-1bar,NAS100,3,20000,-2.334947252138375e+24,-0.46589144855381726,33.43,0.0,0.0
RANDOM-1bar,NAS100,5,20000,-6.335627144979292e+24,-1.0241841410593606,34.455000000000005,0.0,0.0
RANDOM-1bar,NAS100,10,19999,-6.028613135482648e+24,-0.8221807765228794,35.48177408870444,0.0,0.0
RANDOM-1bar,NAS100,20,19999,-8.420648673443848e+24,-1.093385169647648,37.76688834441722,0.0,0.0
SWEEP-reversal,NAS100,1,25817,0.009098727133193858,1.7135820454567054,50.22659487934307,0.0031606671016321474,0.0
SWEEP-reversal,NAS100,2,25817,0.023518622886702412,3.1884792393855506,50.896695975520004,0.01857104369464491,0.0
SWEEP-reversal,NAS100,3,25817,0.02689845321505334,2.922036350707658,50.98965797730178,0.02916900564860765,0.0
SWEEP-reversal,NAS100,5,25817,0.03753121051156306,3.1498109833366836,51.14459464693807,0.041469475491510255,0.0
SWEEP-reversal,NAS100,10,25817,0.07491306522951593,4.289393971562013,51.590037572142386,0.07681950991244546,0.0
SWEEP-reversal,NAS100,20,25817,0.07268546257064579,2.776594868136153,51.373126234651586,0.10077320541495062,0.0
SWEEP-with-sweep,NAS100,1,25817,-0.009098727133193858,-1.7135820454567054,49.552620366425224,-0.0031606671016321474,0.0
SWEEP-with-sweep,NAS100,2,25817,-0.023518622886702412,-3.1884792393855506,48.87089902002557,-0.01857104369464491,0.0
SWEEP-with-sweep,NAS100,3,25817,-0.02689845321505334,-2.922036350707658,48.78955726846652,-0.02916900564860765,0.0
SWEEP-with-sweep,NAS100,5,25817,-0.03753121051156306,-3.1498109833366836,48.63462059883023,-0.041469475491510255,0.0
SWEEP-with-sweep,NAS100,10,25817,-0.07491306522951593,-4.289393971562013,48.200797923848626,-0.07681950991244546,0.0
SWEEP-with-sweep,NAS100,20,25817,-0.07268546257064579,-2.776594868136153,48.417709261339425,-0.10077320541495062,0.0
FVG-continuation,NAS100,1,38537,0.008393546872147028,1.8928184125747587,49.16054700677272,0.0,0.0
FVG-continuation,NAS100,2,38537,0.01322852497473379,2.0641048907329096,49.06453538158134,-0.0014317348322553949,0.0
FVG-continuation,NAS100,3,38537,0.013628636378417032,1.7580715946351768,49.23320445286348,0.0,0.0
FVG-continuation,NAS100,5,38537,0.023841974527192996,2.40796487806664,49.38630407141189,0.0,0.0
FVG-continuation,NAS100,10,38537,0.03226363515307628,2.2608840941243185,49.45896151750266,0.0,0.0
FVG-continuation,NAS100,20,38536,0.04626408513326675,2.1858545573087165,49.75088229188292,0.0,0.0
FVG-on-touch-continuation,NAS100,1,28376,0.006669246848067364,1.309819358327558,50.873978009585564,0.015271803482383283,0.0
FVG-on-touch-continuation,NAS100,2,28376,0.005254949287703157,0.7258380440521595,50.60967014378348,0.01257916324419571,0.0
FVG-on-touch-continuation,NAS100,3,28376,0.002856708014271757,0.32515432963332935,50.74711023400056,0.021335744206633186,0.0
FVG-on-touch-continuation,NAS100,5,28376,-0.005803605164967684,-0.510202891683323,50.429940795038064,0.014691312172748612,0.0
FVG-on-touch-continuation,NAS100,10,28376,-0.0041527854891386575,-0.2539614698214791,50.09867493656611,0.004807666059540439,0.0
FVG-on-touch-continuation,NAS100,20,28375,-0.024490534717139995,-1.0020238225307239,50.17797356828194,0.0136291882459921,0.0
