h_utc,h_ny,is_n,is_r,oos_n,oos_r,all_n,all_r
0,5,61,0.2123769473628473,71,0.2250753981775917,132,0.21920717469502043
1,6,62,0.23296494845387467,60,-0.03053948167898602,122,0.10337260576558255
2,7,53,0.16077881002289326,56,-0.1629900519638216,109,-0.005561155768446474
3,8,44,-0.05071260349614533,45,0.20162967697875586,89,0.07687619000240022
4,9,50,-0.03156667209477706,41,-0.04707286459952906,91,-0.038552978607907074
5,10,58,0.18745405814659988,70,0.19038354435785884,128,0.18905612091838211
6,11,59,0.17668219229295903,46,0.2134317158735495,105,0.1927819835758844
7,12,82,0.16433100321381616,72,0.10327521890018285,154,0.13578544171653306
8,13,75,0.004101146014171458,67,0.2947631193893489,142,0.14124447147992417
9,14,49,0.23591072008037264,54,0.3604358630693543,103,0.30119574650178055
10,15,58,0.24073438424257312,52,0.2595416414945007,110,0.24962508767075697
11,16,61,0.07572273250184111,70,0.06524183034989225,131,0.07012225043591422
12,17,67,0.40739597985932663,64,0.06806804828174487,131,0.24161744840157676
13,18,102,0.5049653769277416,116,0.5790516226237052,218,0.5443874159219239
14,19,87,0.558251248697231,58,0.1755311549771213,145,0.40516321120918714
16,21,48,0.16992713794430328,47,0.20955673370915315,95,0.18953335900691315
17,22,59,0.37473291268768893,47,0.08162473835093303,106,0.24476985425535372
18,23,50,0.16342898180985505,51,0.36478597481780367,101,0.2651042951108984
19,0,76,0.15889664402390472,79,0.09466574583318867,155,0.12615960559121717
