config,rr,n,wr,e_r,pf,total_r,dd,t,ci_lo,ci_hi
sweep_only,1.0,238,61.76470588235294,0.17021094081765809,1.540219112435891,40.51020391460263,-2.4222371428898084,2.125877380176936,0.011922961863149195,0.3118038299247285
sweep_only,1.5,226,47.34513274336283,0.046619250926382125,1.1064376211082854,10.53595070936236,-6.55336314599033,0.3510910658045343,-0.13844176361447338,0.20350234590380198
sweep_only,2.0,220,41.36363636363637,0.058380130740320335,1.1178736832093406,12.843628762870473,-6.982465829618439,-0.3059977959597539,-0.22115461326904348,0.16156710005357205
sweep_only,2.5,217,38.70967741935484,0.09056337445655342,1.1754257444299565,19.652252257072092,-7.023785129302156,-0.11109484464020401,-0.2141789380522146,0.19084883219492085
sweep_only,3.0,213,36.61971830985915,0.09540623622138884,1.1804399038541578,20.321528315155824,-6.582415840988451,-0.1368342028817658,-0.22448086393379302,0.20941805040443656
sweep+mss,1.0,60,51.666666666666664,-0.021539691546359395,0.948734654355256,-1.2923814927815638,-4.191815708492343,0.0,0.0,0.0
sweep+mss,1.5,60,40.0,-0.05572198780818979,0.8876878137001748,-3.3433192684913875,-5.507825611539398,0.0,0.0,0.0
sweep+mss,2.0,60,35.0,-0.010492534090291716,0.9804220338769107,-0.629552045417503,-5.3501006790287535,0.0,0.0,0.0
sweep+mss,2.5,58,25.862068965517242,-0.13891246809808147,0.7700959636893944,-8.056923149688725,-7.6140974453469985,0.0,0.0,0.0
sweep+mss,3.0,58,24.137931034482758,-0.14550459453647266,0.7659379099815997,-8.439266483115414,-8.550042419666633,0.0,0.0,0.0
full_chain,1.0,0,,,,,,,,
full_chain,1.5,0,,,,,,,,
full_chain,2.0,0,,,,,,,,
full_chain,2.5,0,,,,,,,,
full_chain,3.0,0,,,,,,,,
