hour_utc,n,mean_R@5,win%@5,t
22,513,0.20189800661536814,53.606237816764136,1.644394573189558
13,1552,0.14704588684498482,53.02835051546392,1.7451575592165725
10,1151,0.08558030258378078,52.04170286707212,1.5679224020732752
20,606,0.07494043660459584,53.135313531353134,1.4326455441550372
8,1289,0.07456219915458423,53.06439100077579,1.518065005081596
14,1189,0.06277819222401329,52.39697224558453,0.799679787582253
19,1288,0.062272425437307904,52.01863354037267,1.4517032958509353
17,1127,0.04681140827319772,52.79503105590062,1.0559213651043384
0,1244,0.04653712816487003,50.241157556270096,0.9136619321941348
2,1058,0.04544827765086301,50.85066162570888,1.224413415407978
18,1197,0.03364709357270066,53.049289891395155,0.8458053037950839
6,1285,0.022847452621493243,50.583657587548636,0.3435879788274828
11,1184,0.01982646111373726,50.929054054054056,0.35974438634707917
16,1080,0.015519651428964831,52.5,0.38306746138266407
5,1303,0.0002555072170586298,50.115118956254804,0.004802832917615939
23,974,-0.0018772542436091312,51.23203285420944,-0.0242956791968087
3,1197,-0.009367447680094131,51.37844611528822,-0.2555338794298881
9,1134,-0.023123579940243614,49.64726631393298,-0.5300814704108976
15,1058,-0.03935496970443671,49.05482041587902,-0.9290063473414312
4,1151,-0.04958081479992709,48.65334491746307,-1.2423108795589923
1,1241,-0.058947441142352626,48.428686543110395,-1.3908903536618717
7,1293,-0.08790361444168705,47.87316318638825,-1.4667333933220563
12,1216,-0.09867799944779763,48.10855263157895,-1.153276614410762
